filename,confluency,evenness,spread,giant-cells,num_nuclei,com_offset,eval_ratio,total_area,max_distance,num_clusters,num_unclustered
../data/FOVs/random/DAPI/p14D3_9_PTK2_PyProcessed_IJClean_DAPI_PROJ.tif,True,True,True,True,43,0.0221441981257886,0.22429641031187705,0.29909706115722656,277.7228834647948,7,18
../data/FOVs/random/DAPI/p02E2_3_RAD51C_PyProcessed_IJClean_DAPI_PROJ.tif,True,False,False,False,50,0.0732382524984609,0.16701815006720386,0.3246803283691406,432.3944958021552,4,13
../data/FOVs/random/DAPI/p14C12_6_PRKD3_PyProcessed_IJClean_DAPI_PROJ.tif,True,True,True,False,38,0.06055560069150737,0.3817596434856021,0.2641563415527344,250.50548896181897,3,31
../data/FOVs/random/DAPI/p18D3_1_DLGAP5_PyProcessed_IJClean_DAPI_PROJ.tif,False,True,False,False,65,0.0689604429177368,0.4986993066246882,0.4230003356933594,292.3183196448693,7,23
../data/FOVs/random/DAPI/p18F6_12_CLCN7_PyProcessed_IJClean_DAPI_PROJ.tif,False,False,False,False,82,0.0707746791483365,0.34157294861037185,0.4716081619262695,317.9716968536665,4,2
../data/FOVs/random/DAPI/p4G2_2_CDS1_PyProcessed_IJClean_DAPI_PROJ.tif,False,False,False,False,40,0.12620207245087786,0.6582440097946477,0.26070690155029297,378.88916585196785,6,16
../data/FOVs/random/DAPI/p19D9_4_TERF2_PyProcessed_IJClean_DAPI_PROJ.tif,False,True,False,False,93,0.024122244746315247,0.3904753624411997,0.5995864868164062,179.49373248110925,9,10
../data/FOVs/random/DAPI/F5_1_MTMR2_PyProcessed_IJClean_DAPI_PROJ.tif,False,True,False,True,54,0.09779173778383858,0.9810699557601859,0.3479814529418945,298.9046670763105,7,18
../data/FOVs/random/DAPI/p15E4_11_SLC39A8_PyProcessed_IJClean_DAPI_PROJ.tif,True,True,True,True,74,0.04426931592993173,0.74690365655326,0.43512439727783203,223.13448859376263,8,27
../data/FOVs/random/DAPI/p18G8_2_SMARCA1_PyProcessed_IJClean_DAPI_PROJ.tif,True,True,True,False,49,0.08752547339470378,0.1897406023030989,0.3297929763793945,278.77230852435827,5,26
../data/FOVs/random/DAPI/p02B2_7_VTI1B_PyProcessed_IJClean_DAPI_PROJ.tif,True,False,False,False,63,0.06698608761168379,0.15694095295014196,0.35521411895751953,278.25887227544064,6,7
../data/FOVs/random/DAPI/p18G6_7_ARID1A_PyProcessed_IJClean_DAPI_PROJ.tif,False,False,False,False,40,0.1068590240361195,0.8421798185451247,0.2402639389038086,394.97468273295686,6,5
../data/FOVs/random/DAPI/p03B3_6_CSNK2A1_PyProcessed_IJClean_DAPI_PROJ.tif,False,True,False,False,75,0.0367828124852503,0.32218686902365995,0.4747886657714844,224.51057881534226,4,19
../data/FOVs/random/DAPI/p03C8_9_RNF26_PyProcessed_IJClean_DAPI_PROJ.tif,True,True,True,False,53,0.04257726526317926,0.08127622878466663,0.3427753448486328,231.67218218853984,9,23
../data/FOVs/random/DAPI/p4G3_5_CDS2_PyProcessed_IJClean_DAPI_PROJ.tif,True,True,True,False,57,0.06344174425589133,0.7955493238988847,0.3736057281494141,324.2344830520036,7,19
../data/FOVs/random/DAPI/p15A12_6_SLC20A2_PyProcessed_IJClean_DAPI_PROJ.tif,False,False,False,False,57,0.018749136145094027,0.16081593098291969,0.3582773208618164,216.6148656025251,8,13
../data/FOVs/random/DAPI/p15H4_12_ANKRD13A_PyProcessed_IJClean_DAPI_PROJ.tif,True,True,True,False,65,0.04860027738182639,0.4264361968298287,0.4277849197387695,217.34994824015945,6,28
../data/FOVs/random/DAPI/p12A9_4_NHP2_PyProcessed_IJClean_DAPI_PROJ.tif,True,True,True,False,55,0.042974725618720254,0.8882136118325293,0.36631298065185547,385.20643816011176,8,17
../data/FOVs/random/DAPI/p4F4_3_LPCAT2_PyProcessed_IJClean_DAPI_PROJ.tif,False,True,True,False,61,0.07241466314169953,0.1587062917082099,0.391347885131836,216.8985938174796,7,23
../data/FOVs/random/DAPI/p9C2_12_NET1_PyProcessed_IJClean_DAPI_PROJ.tif,False,False,True,True,44,0.06216366967050201,0.980510708139512,0.2770595550537109,387.0826785068017,6,18
../data/FOVs/random/DAPI/p18F10_4_ASIC1_PyProcessed_IJClean_DAPI_PROJ.tif,False,True,False,False,78,0.007512436553578966,0.100667646715218,0.5084218978881836,201.7176244159146,9,30
../data/FOVs/random/DAPI/A12_5_PSMB6_PyProcessed_IJClean_DAPI_PROJ.tif,True,False,True,False,62,0.0542992444533365,0.4750382497040357,0.4009733200073242,232.692930704824,8,14
../data/FOVs/random/DAPI/F11_2_VPS4A_PyProcessed_IJClean_DAPI_PROJ.tif,False,False,False,False,28,0.11877913911400872,0.4770746370187357,0.18161296844482425,367.3935219897052,4,14
../data/FOVs/random/DAPI/p15D12_5_SLC39A3_PyProcessed_IJClean_DAPI_PROJ.tif,False,False,False,False,85,0.10218181221741496,1.1821260164205831,0.4730281829833984,416.7517246515004,4,7
../data/FOVs/random/DAPI/p11H4_12_HYI_PyProcessed_IJClean_DAPI_PROJ.tif,True,False,True,False,48,0.05495569150015618,0.8762683223579134,0.3079242706298828,332.8137617346975,5,19
../data/FOVs/random/DAPI/p15A10_11_SLC1A5_PyProcessed_IJClean_DAPI_PROJ.tif,False,False,False,False,29,0.1947024323196244,0.8054914105029329,0.194087028503418,373.6642878306677,4,7
../data/FOVs/random/DAPI/p16C8_6_BANF1_PyProcessed_IJClean_DAPI_PROJ.tif,False,False,True,False,31,0.02095156440728304,1.0783697587322938,0.20509910583496094,368.099171419877,3,25
../data/FOVs/random/DAPI/p4B6_6_NSDHL_PyProcessed_IJClean_DAPI_PROJ.tif,False,False,True,False,41,0.10152451944004197,0.11955809481511452,0.26770687103271484,269.4735608552349,5,25
../data/FOVs/random/DAPI/p17A5_1_DYNC1LI1_PyProcessed_IJClean_DAPI_PROJ.tif,False,False,False,False,50,0.14776580782783513,0.6265948270833719,0.33531665802001953,324.54891773044017,4,21
../data/FOVs/random/DAPI/p19G2_1_HDLBP_PyProcessed_IJClean_DAPI_PROJ.tif,False,True,False,False,85,0.030500031855702537,0.6514598268228429,0.4938945770263672,208.01922988031654,6,20
../data/FOVs/random/DAPI/p7G3_6_MED22_PyProcessed_IJClean_DAPI_PROJ.tif,False,False,True,False,72,0.03437088332695114,0.7482152081257836,0.4786481857299805,316.24357700987383,9,30
../data/FOVs/random/DAPI/p19F6_6_EEF2_PyProcessed_IJClean_DAPI_PROJ.tif,False,True,False,False,93,0.01927519846817473,0.29080669025350336,0.5688104629516602,186.18807695446026,13,14
../data/FOVs/random/DAPI/p18E11_6_ATP6V1E1_PyProcessed_IJClean_DAPI_PROJ.tif,False,True,False,False,88,0.013071933027013215,0.08783404236626699,0.5520992279052734,168.4399002611911,5,20
../data/FOVs/random/DAPI/p4E8_6_AGPAT9_PyProcessed_IJClean_DAPI_PROJ.tif,False,False,True,False,63,0.005515652902969741,0.06859528384086859,0.40338611602783203,208.29066229670502,7,18
../data/FOVs/random/DAPI/p15F3_5_SLC6A15_PyProcessed_IJClean_DAPI_PROJ.tif,False,False,False,False,94,0.032616917549977816,0.0701299900936471,0.5805654525756836,194.7331507473753,9,13
../data/FOVs/random/DAPI/p17B10_4_KIF3B_PyProcessed_IJClean_DAPI_PROJ.tif,False,False,False,True,34,0.13669249904386116,0.5450955618472066,0.21256351470947266,347.236230828524,3,12
../data/FOVs/random/DAPI/p14G12_6_TYRO3_PyProcessed_IJClean_DAPI_PROJ.tif,True,False,True,False,43,0.011834025486542242,0.4847022543758317,0.2809629440307617,279.3223943761044,5,21
../data/FOVs/random/DAPI/p1E2_5_RAB10_PyProcessed_IJClean_DAPI_PROJ.tif,False,True,True,False,64,0.047214029560436785,0.40717719216989945,0.4085836410522461,266.3775516067373,6,22
../data/FOVs/random/DAPI/p18D8_2_FAM50B-C_PyProcessed_IJClean_DAPI_PROJ.tif,False,True,False,False,96,0.02000971038928236,0.14083282498184238,0.6017112731933594,159.92810884894502,6,7
../data/FOVs/random/DAPI/C8_5_PSMB2_PyProcessed_IJClean_DAPI_PROJ.tif,True,False,True,False,54,0.11275627913121584,0.5978642853740366,0.3605890274047852,330.54197917964973,6,25
../data/FOVs/random/DAPI/p16H3_2_XPOT_PyProcessed_IJClean_DAPI_PROJ.tif,False,True,True,False,82,0.05945262465924776,0.08065349540198267,0.5031251907348633,204.482273070308,7,13
../data/FOVs/random/DAPI/p9E11_16_MYL12B_PyProcessed_IJClean_DAPI_PROJ.tif,False,False,True,False,68,0.008900349592126116,0.5627966005383911,0.4632015228271485,215.2301094178043,7,22
../data/FOVs/random/DAPI/p17D3_3_MYO1C_PyProcessed_IJClean_DAPI_PROJ.tif,False,False,False,False,41,0.13570993724156455,2.4503740268100938,0.2545604705810547,451.96570666368035,6,12
../data/FOVs/random/DAPI/p1D10_4_ORMDL3_PyProcessed_IJClean_DAPI_PROJ.tif,True,True,True,False,42,0.038766318523729616,0.314876115274702,0.2796621322631836,209.117192023994,4,29
../data/FOVs/random/DAPI/p7F4_1_MED20_PyProcessed_IJClean_DAPI_PROJ.tif,True,False,True,False,58,0.04159105102122808,0.32145671723304936,0.3805084228515625,202.33882474700687,6,25
../data/FOVs/random/DAPI/p15B4_10_SLC29A1_PyProcessed_IJClean_DAPI_PROJ.tif,True,False,True,False,56,0.050849332937090375,0.17190219224963582,0.3628501892089844,212.77687844312408,7,21
../data/FOVs/random/DAPI/H12_3_CTRL2_PyProcessed_IJClean_DAPI_PROJ.tif,True,True,True,False,54,0.006860031614249765,0.8807707884292982,0.333282470703125,284.2903445423358,7,21
../data/FOVs/random/DAPI/p12C5_6_SUPT16H_PyProcessed_IJClean_DAPI_PROJ.tif,True,False,True,False,39,0.0739827921836196,0.4097889477601577,0.2625284194946289,242.66231681083082,5,17
../data/FOVs/random/DAPI/p12H10_15_BCAP31_PyProcessed_IJClean_DAPI_PROJ.tif,True,True,True,False,41,0.04282375854220607,0.18106529650420847,0.2851839065551758,278.21214926742505,7,17
../data/FOVs/random/DAPI/p18D3_5_DLGAP5_PyProcessed_IJClean_DAPI_PROJ.tif,False,False,True,False,44,0.05115328614713573,0.09207191879487736,0.2871723175048828,280.4567702873297,4,15
../data/FOVs/random/DAPI/p19C10_6_WAPL_PyProcessed_IJClean_DAPI_PROJ.tif,False,True,False,True,99,0.035370793609556424,0.19675171475964398,0.5956335067749023,147.80054127099805,6,7
../data/FOVs/random/DAPI/p12D5_11_IMP3_PyProcessed_IJClean_DAPI_PROJ.tif,True,True,True,False,65,0.02378870402302025,0.2613302440063761,0.4354171752929688,236.00847442411893,11,20
../data/FOVs/random/DAPI/p17F7_3_RBM12B_PyProcessed_IJClean_DAPI_PROJ.tif,False,False,False,False,27,0.09236428405756207,0.7656859079946241,0.179656982421875,348.3130775609782,7,5
../data/FOVs/random/DAPI/p19A6_4_EIF3I_PyProcessed_IJClean_DAPI_PROJ.tif,False,True,False,False,109,0.019544259240194952,0.3138630644612643,0.6298952102661133,151.8453160291749,5,10
../data/FOVs/random/DAPI/p17F2_2_PRPF8_PyProcessed_IJClean_DAPI_PROJ.tif,False,False,False,False,27,0.14142063433915805,0.3874033860997201,0.17218494415283206,341.3912711244973,3,18
../data/FOVs/random/DAPI/p1E3_3_RAB11A_PyProcessed_IJClean_DAPI_PROJ.tif,False,True,True,False,62,0.02407719206466469,0.3298498168686609,0.3949546813964844,239.52661647507983,7,34
../data/FOVs/random/DAPI/p16F1_5_IPO9_PyProcessed_IJClean_DAPI_PROJ.tif,False,True,False,False,118,0.022980450935771963,0.4450670677193902,0.6619491577148438,236.54597861726586,2,9
../data/FOVs/random/DAPI/p18E11_4_ATP6V1E1_PyProcessed_IJClean_DAPI_PROJ.tif,False,False,True,False,68,0.030619406643591213,0.19028271855950246,0.432363510131836,198.95728184713417,9,20
../data/FOVs/random/DAPI/p03C9_1_ATP1A1_PyProcessed_IJClean_DAPI_PROJ.tif,False,False,True,False,54,0.06677949878125768,0.07998551103798265,0.3795804977416992,284.0070421662112,5,37
../data/FOVs/random/DAPI/p15H8_5_ANKS3_PyProcessed_IJClean_DAPI_PROJ.tif,False,False,False,False,37,0.11892438320661998,0.4429457618953381,0.24179744720458984,412.2438598693738,5,12
../data/FOVs/random/DAPI/p18F6_11_CLCN7_PyProcessed_IJClean_DAPI_PROJ.tif,False,False,False,False,45,0.09756027305278847,1.0089849357947611,0.28452014923095703,317.90721916936707,5,13
../data/FOVs/random/DAPI/D5_2_PSME1_PyProcessed_IJClean_DAPI_PROJ.tif,False,True,True,False,54,0.05812168793119546,0.2055853969858777,0.3718967437744141,216.316897167096,9,16
../data/FOVs/random/DAPI/p7C1_3_CEP70_PyProcessed_IJClean_DAPI_PROJ.tif,False,False,False,False,53,0.1076463156471434,0.4870867357653169,0.3186912536621094,426.1689805699143,5,9
../data/FOVs/random/DAPI/p1E4_1_RAB11B_PyProcessed_IJClean_DAPI_PROJ.tif,True,True,True,False,50,0.045608985912287785,0.08770357366992161,0.3258266448974609,209.3346602930341,5,30
../data/FOVs/random/DAPI/p19H2_3_U2SURP_PyProcessed_IJClean_DAPI_PROJ.tif,False,False,False,False,59,0.1261144522127962,2.8734904168912245,0.3674030303955078,440.0511333924728,4,9
../data/FOVs/random/DAPI/p1F3_3_RAB29_PyProcessed_IJClean_DAPI_PROJ.tif,True,True,True,False,54,0.018302076462300608,0.33115981979775555,0.3761482238769531,248.22973230457302,6,30
../data/FOVs/random/DAPI/p15D11_3_SLC39A14_PyProcessed_IJClean_DAPI_PROJ.tif,False,False,False,False,84,0.05093599884783271,0.3696809799567024,0.5061473846435547,186.2605701698564,7,18
../data/FOVs/random/DAPI/D12_2_HSPA4L_PyProcessed_IJClean_DAPI_PROJ.tif,False,False,True,False,56,0.059086627495112835,0.6641549777333633,0.3554286956787109,256.4566240127168,6,13
../data/FOVs/random/DAPI/p8D5_6_ARL6IP4_PyProcessed_IJClean_DAPI_PROJ.tif,False,True,True,False,62,0.039886780639962434,0.22355717114026216,0.4252805709838867,175.26266002774238,9,24
../data/FOVs/random/DAPI/p19H11_6_CLTA_PyProcessed_IJClean_DAPI_PROJ.tif,True,False,True,False,41,0.09041023842637697,0.1492549610084249,0.2819375991821289,281.6256380374486,5,25
../data/FOVs/random/DAPI/p19F10_3_EIF5_PyProcessed_IJClean_DAPI_PROJ.tif,False,True,False,False,78,0.033280878157341605,0.25270380006724513,0.5100564956665039,216.4162655624572,8,17
../data/FOVs/random/DAPI/p10H1_4_SEPT6_PyProcessed_IJClean_DAPI_PROJ.tif,False,False,False,False,66,0.037692711133621985,0.8386326372882882,0.4104909896850586,243.8134532793464,8,16
../data/FOVs/random/DAPI/p03H12_7_CTRL2_PyProcessed_IJClean_DAPI_PROJ.tif,True,False,True,False,39,0.03352584063038572,0.16306992107964075,0.252070426940918,282.2144574609884,7,14
../data/FOVs/random/DAPI/p19F2_6_EIF2S3_PyProcessed_IJClean_DAPI_PROJ.tif,False,False,False,False,66,0.028734634599884026,4.029947179425922,0.4026756286621094,471.6153093359035,3,11
../data/FOVs/random/DAPI/p8F5_3_EPN1_PyProcessed_IJClean_DAPI_PROJ.tif,True,True,True,False,56,0.026587530800839733,0.7023965772348928,0.3813400268554688,282.8462479864281,11,13
../data/FOVs/random/DAPI/p16G4_2_RANBP3_PyProcessed_IJClean_DAPI_PROJ.tif,False,True,True,False,67,0.05510917544309231,0.102995978089907,0.4542264938354492,180.71247881648904,5,28
../data/FOVs/random/DAPI/p13E4_9_RACK1_PyProcessed_IJClean_DAPI_PROJ.tif,True,False,False,False,48,0.025128807924877074,0.4956861838448324,0.2879257202148437,264.71494102146943,6,8
../data/FOVs/random/DAPI/p16B7_6_IGF2BP3_PyProcessed_IJClean_DAPI_PROJ.tif,True,False,False,False,31,0.10775633346767656,1.9736037092679908,0.1810007095336914,434.72865099967817,6,4
../data/FOVs/random/DAPI/p15A12_10_SLC20A2_PyProcessed_IJClean_DAPI_PROJ.tif,False,True,False,False,82,0.045658165641030916,0.3041573075195454,0.4581537246704102,280.7507791618752,5,3
../data/FOVs/random/DAPI/p16B9_6_USP10_PyProcessed_IJClean_DAPI_PROJ.tif,True,True,True,False,36,0.04551905926246784,1.384889191164039,0.24996280670166016,407.060192109226,5,17
../data/FOVs/random/DAPI/p15F3_3_SLC6A15_PyProcessed_IJClean_DAPI_PROJ.tif,False,True,False,False,92,0.03858807480985088,0.3536910640079953,0.5729751586914062,282.8161947272468,3,14
../data/FOVs/random/DAPI/p8H8_5_WWOX_PyProcessed_IJClean_DAPI_PROJ.tif,True,False,False,False,52,0.03318177282528212,0.13144312633175606,0.3317985534667969,280.63143088399767,5,12
../data/FOVs/random/DAPI/p4E5_4_FADS1_PyProcessed_IJClean_DAPI_PROJ.tif,True,True,True,False,52,0.00867060806761911,0.4122418827675709,0.34369468688964844,212.6240814207083,7,24
../data/FOVs/random/DAPI/C7_5_PSMD12_PyProcessed_IJClean_DAPI_PROJ.tif,False,False,False,False,53,0.07333284613301805,0.9420670368839628,0.3358869552612305,272.35638417338413,7,7
../data/FOVs/random/DAPI/G6_2_RAB4A_PyProcessed_IJClean_DAPI_PROJ.tif,True,False,False,False,52,0.10453798167847894,0.8462392172004948,0.3219308853149414,349.0902462114918,5,12
../data/FOVs/random/DAPI/p10H8_13_PKMYT1_PyProcessed_IJClean_DAPI_PROJ.tif,True,False,True,False,36,0.12331100840794662,0.39382586306781503,0.2348318099975586,371.5979009628553,2,22
../data/FOVs/random/DAPI/p16H8_5_CLASRP_PyProcessed_IJClean_DAPI_PROJ.tif,True,False,True,False,51,0.051458038452786174,0.5172935721649747,0.346735954284668,331.85087012090236,7,23
../data/FOVs/random/DAPI/p13D12_2_DYRK2_PyProcessed_IJClean_DAPI_PROJ.tif,True,True,True,False,37,0.07042925707334663,0.01163609818759212,0.2538480758666992,305.16389039334257,2,33
../data/FOVs/random/DAPI/p4E4_1_SCD5_PyProcessed_IJClean_DAPI_PROJ.tif,False,True,True,False,37,0.021732225277611532,0.4365888814702609,0.24674224853515625,249.0180716333656,3,29
../data/FOVs/random/DAPI/p14H5_19_VRK3_PyProcessed_IJClean_DAPI_PROJ.tif,True,False,False,False,63,0.04501730692037543,0.5681432505847769,0.3803644180297852,339.6380426277363,9,7
../data/FOVs/random/DAPI/p15A12_11_SLC20A2_PyProcessed_IJClean_DAPI_PROJ.tif,False,False,False,False,34,0.16702804469154112,1.0151447378457183,0.2183828353881836,473.9039987170397,4,14
../data/FOVs/random/DAPI/p02G10_8_TUBA1B_PyProcessed_IJClean_DAPI_PROJ.tif,False,False,True,False,46,0.119159435863196,0.6012008968421558,0.30677032470703125,338.0,7,11
../data/FOVs/random/DAPI/p18G3_5_ORAI2_PyProcessed_IJClean_DAPI_PROJ.tif,False,False,True,False,58,0.1316885310031184,0.3905319262568945,0.3833627700805664,376.97745290666916,5,22
../data/FOVs/random/DAPI/p14G5_19_TRIM24_PyProcessed_IJClean_DAPI_PROJ.tif,True,False,False,False,61,0.09658559714938796,0.3157040622378379,0.3551731109619141,255.068618218706,7,12
../data/FOVs/random/DAPI/p16B5_6_FXR2_PyProcessed_IJClean_DAPI_PROJ.tif,False,True,False,False,94,0.03989928861302342,0.3178678295366474,0.5798740386962891,233.0021459128649,6,7
../data/FOVs/random/DAPI/p14H10_21_BCAP31_PyProcessed_IJClean_DAPI_PROJ.tif,True,True,True,False,58,0.07600765914241057,0.28269283740962553,0.3754348754882813,342.49817517762045,8,9
../data/FOVs/random/DAPI/p8H3_5_TNK2_PyProcessed_IJClean_DAPI_PROJ.tif,True,False,True,False,63,0.02857674207846522,0.3344664937792791,0.3846330642700195,260.3862515571819,8,13
../data/FOVs/random/DAPI/p11H5_1_CSK_PyProcessed_IJClean_DAPI_PROJ.tif,True,False,True,False,45,0.08267816203415605,0.26537735980549265,0.3053684234619141,248.2438317461282,5,28
../data/FOVs/random/DAPI/p02B9_3_STX16_PyProcessed_IJClean_DAPI_PROJ.tif,False,True,True,False,69,0.01623639552483805,0.3318919258689201,0.45554065704345703,190.93978108293732,7,20
../data/FOVs/random/DAPI/p15E4_7_SLC39A8_PyProcessed_IJClean_DAPI_PROJ.tif,False,True,False,False,86,0.059817220765917424,0.3428109425876045,0.5335664749145508,254.0649523251879,6,23
../data/FOVs/random/DAPI/p10H1_5_SEPT6_PyProcessed_IJClean_DAPI_PROJ.tif,True,False,False,False,59,0.06706688838035665,0.6776007662619041,0.3629884719848633,283.0017667789373,7,12
../data/FOVs/random/DAPI/p13A4_6_AKT2_PyProcessed_IJClean_DAPI_PROJ.tif,False,False,False,False,63,0.10531154632618543,0.3073581892064957,0.3836069107055664,262.05724565445615,7,16
../data/FOVs/random/DAPI/p9C3_12_PLEKHG3_PyProcessed_IJClean_DAPI_PROJ.tif,True,False,True,False,41,0.04772639562108045,0.3858381779291673,0.2676935195922852,305.56505035753025,6,19
../data/FOVs/random/DAPI/p7H6_6_COMMD1_PyProcessed_IJClean_DAPI_PROJ.tif,True,True,True,False,70,0.06483286270726746,0.1219985811737124,0.44098377227783203,175.45369759569047,9,20
../data/FOVs/random/DAPI/F5_3_MTMR2_PyProcessed_IJClean_DAPI_PROJ.tif,True,True,True,False,46,0.023140285326087,0.4816428634485951,0.3155708312988281,302.0347662107792,5,32
../data/FOVs/random/DAPI/p02C5_9_CHMP1A_PyProcessed_IJClean_DAPI_PROJ.tif,False,False,False,False,39,0.05382649944468125,0.7059645197298813,0.2429428100585937,468.0865304620504,8,12
../data/FOVs/random/DAPI/p13C10_4_CHUK_PyProcessed_IJClean_DAPI_PROJ.tif,False,True,True,False,67,0.03155848338293105,0.43445202539638017,0.4419593811035156,229.96086623597503,10,19
../data/FOVs/random/DAPI/p16F1_6_IPO9_PyProcessed_IJClean_DAPI_PROJ.tif,False,True,False,False,85,0.050301030395495216,0.2881939087242868,0.4987726211547852,192.20041623263984,11,9
../data/FOVs/random/DAPI/p1F3_2_RAB29_PyProcessed_IJClean_DAPI_PROJ.tif,False,True,True,False,68,0.028616320124325894,0.2732376086746229,0.4434738159179688,246.56439321199642,8,18
../data/FOVs/random/DAPI/p11H4_9_HYI_PyProcessed_IJClean_DAPI_PROJ.tif,False,True,False,False,88,0.014272634997674246,0.08270954543840059,0.5520381927490234,174.1551032843999,4,17
../data/FOVs/random/DAPI/p16G9_5_TNPO2_PyProcessed_IJClean_DAPI_PROJ.tif,False,True,True,True,37,0.05325453594652073,0.12832342013252113,0.2580127716064453,270.20732780589054,5,22
../data/FOVs/random/DAPI/p15A2_12_SLC11A2_PyProcessed_IJClean_DAPI_PROJ.tif,True,False,False,False,46,0.1354995066633428,0.4150245541684753,0.30416202545166016,556.3676841801652,7,19
../data/FOVs/random/DAPI/p11H8_15_FAU_PyProcessed_IJClean_DAPI_PROJ.tif,True,False,True,False,44,0.0140559662071303,0.3607870139939226,0.2995185852050781,329.0744596592085,5,27
../data/FOVs/random/DAPI/p16B4_1_FXR1_PyProcessed_IJClean_DAPI_PROJ.tif,True,False,True,False,56,0.03976158961303623,0.4949749419649725,0.3420572280883789,260.82369524259104,6,17
../data/FOVs/random/DAPI/p4H8_3_MAP1LC3B_PyProcessed_IJClean_DAPI_PROJ.tif,False,True,False,False,74,0.035287028496235544,0.4583644558562872,0.4792766571044922,183.61372497719228,9,20
../data/FOVs/random/DAPI/p03E9_1_YIPF5_PyProcessed_IJClean_DAPI_PROJ.tif,False,True,True,False,76,0.04626501379315664,0.06320825009449275,0.5047626495361328,218.68013169924697,8,23
../data/FOVs/random/DAPI/p11B6_16_ENO3_PyProcessed_IJClean_DAPI_PROJ.tif,True,False,False,False,50,0.028654926498284224,1.9322417970620045,0.3180561065673828,395.33783021613294,7,9
../data/FOVs/random/DAPI/G9_5_SCAMP4_PyProcessed_IJClean_DAPI_PROJ.tif,True,True,True,False,40,0.02576850807433517,0.3114614707139577,0.2780303955078125,308.11199262605794,6,24
../data/FOVs/random/DAPI/p4C11_3_SGMS2_PyProcessed_IJClean_DAPI_PROJ.tif,False,False,False,False,48,0.08302568480126171,0.8161260676818703,0.28714656829833984,480.5798580881225,5,8
../data/FOVs/random/DAPI/p16G10_4_TNPO3_PyProcessed_IJClean_DAPI_PROJ.tif,True,False,False,False,68,0.04744570160005121,1.481213267675774,0.4058570861816406,345.2318061824548,3,8
../data/FOVs/random/DAPI/B10_6_PSMC2_PyProcessed_IJClean_DAPI_PROJ.tif,True,True,True,False,68,0.02236158960257924,0.07614661420926976,0.4633245468139648,173.24260445975753,5,32
../data/FOVs/random/DAPI/p11D2_3_ABCE1_PyProcessed_IJClean_DAPI_PROJ.tif,False,True,True,False,64,0.05712041424945361,0.0468450936139789,0.42868518829345703,268.5218799278748,8,23
../data/FOVs/random/DAPI/p8D11_6_APPL1_PyProcessed_IJClean_DAPI_PROJ.tif,True,True,True,False,38,0.06192692752388795,0.09431895006293316,0.2573223114013672,237.19190542680835,3,27
../data/FOVs/random/DAPI/p1G3_1_RAB6B_PyProcessed_IJClean_DAPI_PROJ.tif,False,True,False,False,81,0.05862437399879035,0.3612125268286064,0.5030708312988281,203.2264746532793,7,22
../data/FOVs/random/DAPI/p03G8_9_NOLC1_PyProcessed_IJClean_DAPI_PROJ.tif,True,True,True,False,65,0.030114263793823023,0.021220192937634875,0.4366741180419922,199.0226117806718,9,25
../data/FOVs/random/DAPI/p18E5_11_ATP6V0D1_PyProcessed_IJClean_DAPI_PROJ.tif,False,False,False,False,52,0.08441152173043033,0.9398679602514758,0.3279457092285156,387.3822401711261,5,11
../data/FOVs/random/DAPI/H11_1_CLTA_PyProcessed_IJClean_DAPI_PROJ.tif,False,True,True,False,73,0.06693400857573914,0.4085130949063134,0.4605045318603516,232.3316594870359,9,23
../data/FOVs/random/DAPI/p03H6_10_PCNA_PyProcessed_IJClean_DAPI_PROJ.tif,True,True,True,False,46,0.05438523041986629,0.048198583699976434,0.2998600006103516,293.22005388445035,5,30
../data/FOVs/random/DAPI/p11C8_6_ILF2_PyProcessed_IJClean_DAPI_PROJ.tif,False,True,True,False,69,0.04759020562451415,0.3627931099370603,0.4547815322875977,203.73021376320202,11,12
../data/FOVs/random/DAPI/p17C8_6_KLC4_PyProcessed_IJClean_DAPI_PROJ.tif,True,False,False,False,41,0.1553633276911556,0.9055535703967288,0.27178001403808594,335.538373364359,4,16
../data/FOVs/random/DAPI/p1F12_1_RAB40C_PyProcessed_IJClean_DAPI_PROJ.tif,False,True,False,False,79,0.03322964388068709,0.4380588043127198,0.4835710525512695,219.49487465542333,9,8
../data/FOVs/random/DAPI/p16H2_3_XPO7_PyProcessed_IJClean_DAPI_PROJ.tif,False,True,False,False,84,0.032879219727189414,0.4462573045227522,0.5424365997314453,161.27616066858738,7,16
../data/FOVs/random/DAPI/p1H11_5_VAPA_PyProcessed_IJClean_DAPI_PROJ.tif,True,True,True,False,44,0.055680223806623484,0.2442444095935196,0.29458045959472656,274.3519637254306,5,27
../data/FOVs/random/DAPI/p13G5_5_MAP3K3_PyProcessed_IJClean_DAPI_PROJ.tif,False,True,True,False,56,0.04829220064540626,0.3591181963596122,0.3785953521728516,216.4486082191336,5,33
../data/FOVs/random/DAPI/p12B4_7_CDKN2A_PyProcessed_IJClean_DAPI_PROJ.tif,False,True,True,False,71,0.015580149069798446,0.09626576808338204,0.4737834930419922,188.45158529447292,8,18
../data/FOVs/random/DAPI/p12G11_2_SMN1_PyProcessed_IJClean_DAPI_PROJ.tif,True,True,True,False,48,0.07921780442512248,0.14369183420499512,0.3294105529785156,231.22499864850255,5,33
../data/FOVs/random/DAPI/p19A1_5_CTRL1_PyProcessed_IJClean_DAPI_PROJ.tif,False,False,False,False,31,0.13725380707963794,4.708652802267927,0.20082855224609367,654.0496923017394,5,10
../data/FOVs/random/DAPI/p18F10_2_ASIC1_PyProcessed_IJClean_DAPI_PROJ.tif,False,True,False,False,73,0.0749689370113406,0.1737925792124432,0.4613838195800781,238.4617369726221,10,15
../data/FOVs/random/DAPI/p13F6_1_IKBKB_PyProcessed_IJClean_DAPI_PROJ.tif,False,False,False,False,31,0.08240586020021268,0.6276346005449819,0.2112293243408203,292.5696498271822,3,15
../data/FOVs/random/DAPI/p19H8_5_FAM50A_PyProcessed_IJClean_DAPI_PROJ.tif,False,False,False,False,76,0.07403243522118015,0.4845488286749047,0.44760608673095703,301.9205193424256,5,8
../data/FOVs/random/DAPI/p8C4_2_ARL17A_PyProcessed_IJClean_DAPI_PROJ.tif,True,False,True,False,38,0.030298308204550036,0.6485983026277575,0.2724113464355469,312.02083263782237,4,26
../data/FOVs/random/DAPI/p12A12_13_GLUL_PyProcessed_IJClean_DAPI_PROJ.tif,False,False,False,False,41,0.061180969165717074,0.5465575623375349,0.23827266693115234,452.54171078476287,4,7
../data/FOVs/random/DAPI/p12D5_6_IMP3_PyProcessed_IJClean_DAPI_PROJ.tif,True,False,True,False,46,0.08612704903999815,0.38654130223336497,0.2917928695678711,333.718444201096,7,21
../data/FOVs/random/DAPI/p03E4_6_LMNA_PyProcessed_IJClean_DAPI_PROJ.tif,True,False,True,False,51,0.018176321662334502,0.4527768539303198,0.3484649658203125,212.72047386182652,7,21
../data/FOVs/random/DAPI/p15D7_1_SLC38A9_PyProcessed_IJClean_DAPI_PROJ.tif,False,False,False,False,35,0.05621229365501816,2.737703332610649,0.20615386962890625,515.5385533594941,6,8
../data/FOVs/random/DAPI/p02B10_5_STX7_PyProcessed_IJClean_DAPI_PROJ.tif,True,False,True,False,52,0.11048812394550246,0.6193907653048444,0.3428754806518555,343.0014577228498,8,13
../data/FOVs/random/DAPI/p10H6_6_EIF2AK2-N_PyProcessed_IJClean_DAPI_PROJ.tif,False,False,False,False,85,0.03665112892091618,0.2482906615650764,0.4826602935791016,252.79438284898654,4,12
../data/FOVs/random/DAPI/p10D1_11_APC_PyProcessed_IJClean_DAPI_PROJ.tif,True,False,True,False,29,0.01810101271909353,2.1127889476234043,0.1951322555541992,455.7477372406802,3,20
../data/FOVs/random/DAPI/p4D4_1_SGPP2_PyProcessed_IJClean_DAPI_PROJ.tif,True,False,True,False,32,0.05628727168160357,0.2676485590119177,0.2258949279785156,281.12808468738945,2,28
../data/FOVs/random/DAPI/p16B3_1_FAM120A_PyProcessed_IJClean_DAPI_PROJ.tif,False,True,False,False,84,0.05806124827640756,0.24705497334718915,0.5151653289794922,192.5850461484484,9,16
../data/FOVs/random/DAPI/p4B3_4_TM7SF2_PyProcessed_IJClean_DAPI_PROJ.tif,True,False,True,False,53,0.05561114196198863,0.3834011700191801,0.3342323303222656,215.44836968517532,7,17
../data/FOVs/random/DAPI/p17G2_1_RBM22_PyProcessed_IJClean_DAPI_PROJ.tif,False,True,False,True,74,0.02579377107576684,0.2617878891995092,0.4692144393920898,297.41721537261424,8,15
../data/FOVs/random/DAPI/p12D12_1_WDR12_PyProcessed_IJClean_DAPI_PROJ.tif,True,True,True,False,36,0.009783579956793343,0.3539713699134822,0.245051383972168,320.4777683397087,4,24
../data/FOVs/random/DAPI/F2_1_MTMR1_PyProcessed_IJClean_DAPI_PROJ.tif,True,False,False,False,39,0.016212431171186283,0.9589257287523636,0.25144100189208984,409.9097461637135,5,12
../data/FOVs/random/DAPI/p15F8_5_SLC9A3R2_PyProcessed_IJClean_DAPI_PROJ.tif,False,True,False,False,84,0.02053445400164472,0.2568776675180179,0.5459613800048828,182.1318203939114,6,18
../data/FOVs/random/DAPI/p18H11_1_CLTA_PyProcessed_IJClean_DAPI_PROJ.tif,True,False,True,False,48,0.07904582944782884,0.6617572272949126,0.3089265823364258,329.16864978305574,7,11
../data/FOVs/random/DAPI/p8B11_1_ARL1_PyProcessed_IJClean_DAPI_PROJ.tif,True,True,False,False,73,0.018150289358175142,0.4989688311740502,0.4627199172973633,210.64187617850345,6,24
../data/FOVs/random/DAPI/p1E11_5_RAB21_PyProcessed_IJClean_DAPI_PROJ.tif,True,False,True,False,63,0.09237818528674832,0.1738561261608101,0.4119358062744141,225.01999911119012,6,19
../data/FOVs/random/DAPI/p7B3_4_CEP250_PyProcessed_IJClean_DAPI_PROJ.tif,True,False,False,False,63,0.035440044634441316,0.6098295059767715,0.3684959411621094,282.7083302628347,8,9
../data/FOVs/random/DAPI/p19G12_2_CTPS1_PyProcessed_IJClean_DAPI_PROJ.tif,True,True,True,False,50,0.07976432657259197,0.7723274722849051,0.3294763565063477,336.62144910863896,6,26
../data/FOVs/random/DAPI/p8F9_2_GAK_PyProcessed_IJClean_DAPI_PROJ.tif,False,True,False,False,77,0.035321051325731004,0.17854897523019606,0.5084676742553711,265.11318337645906,8,20
../data/FOVs/random/DAPI/p14G1_9_TAOK1_PyProcessed_IJClean_DAPI_PROJ.tif,True,False,False,False,50,0.06395910339223249,1.604434544359676,0.3064756393432617,362.3727362813047,6,6
../data/FOVs/random/DAPI/p7C12_6_CCT7_PyProcessed_IJClean_DAPI_PROJ.tif,False,True,False,False,78,0.04327590506901505,0.2551637874188824,0.4962749481201172,198.8818744883505,6,31
../data/FOVs/random/DAPI/p17F7_4_RBM12B_PyProcessed_IJClean_DAPI_PROJ.tif,False,False,False,False,48,0.09831520916042788,1.2567664396747018,0.29998016357421875,404.8209480745777,6,11
../data/FOVs/random/DAPI/p12E3_2_OGFOD1_PyProcessed_IJClean_DAPI_PROJ.tif,False,False,True,False,49,0.127710359658806,0.6350003429956667,0.3225183486938477,394.1826987578222,6,12
../data/FOVs/random/DAPI/p12F6_16_EMG1_PyProcessed_IJClean_DAPI_PROJ.tif,True,True,True,False,35,0.07226926614516957,0.31341342848157955,0.2496919631958008,379.3810749101752,4,25
../data/FOVs/random/DAPI/p15C12_5_SLC35F5_PyProcessed_IJClean_DAPI_PROJ.tif,False,True,False,False,109,0.0337201989365447,0.2626315785381361,0.6102066040039062,199.90497742677644,4,4
../data/FOVs/random/DAPI/p12G5_6_NMD3_PyProcessed_IJClean_DAPI_PROJ.tif,True,True,True,False,55,0.03937924428876785,0.255295363597279,0.3716020584106445,248.68453912537467,7,18
../data/FOVs/random/DAPI/p8F9_3_GAK_PyProcessed_IJClean_DAPI_PROJ.tif,True,False,True,False,43,0.05786897559088139,0.9505271548776384,0.2803564071655273,290.44104393146637,7,16
../data/FOVs/random/DAPI/p19B12_1_LRP6_PyProcessed_IJClean_DAPI_PROJ.tif,True,False,True,False,47,0.08036902670094433,0.32389821072782105,0.29921817779541016,333.06155587218416,7,19
../data/FOVs/random/DAPI/p03C10_1_EZR_PyProcessed_IJClean_DAPI_PROJ.tif,False,False,True,False,66,0.03999109035849768,0.3228742243027,0.44600868225097656,242.43968322038367,9,30
../data/FOVs/random/DAPI/p18F12_5_KCNG1_PyProcessed_IJClean_DAPI_PROJ.tif,False,False,False,False,67,0.03255406475148168,0.14184823515938866,0.4198017120361328,287.90449805447633,9,12
../data/FOVs/random/DAPI/p7C10_4_CCT5_PyProcessed_IJClean_DAPI_PROJ.tif,True,True,True,False,51,0.028148629235829125,0.3453041185460039,0.340850830078125,194.4865033877673,5,28
../data/FOVs/random/DAPI/p16G10_5_TNPO3_PyProcessed_IJClean_DAPI_PROJ.tif,False,False,False,False,33,0.2248178412380524,0.5051590825218545,0.20985031127929688,364.28148456928193,4,10
../data/FOVs/random/DAPI/p15D3_3_SLC37A4_PyProcessed_IJClean_DAPI_PROJ.tif,False,True,True,False,58,0.04367738934808711,0.4825626267439385,0.3791084289550781,304.0164469235176,9,20
../data/FOVs/random/DAPI/p02G4_6_MFN2_PyProcessed_IJClean_DAPI_PROJ.tif,True,False,True,False,40,0.06695670475509352,0.9876879881902506,0.26027870178222656,388.8161519278745,5,26
../data/FOVs/random/DAPI/p17A3_3_DYNC1H1_PyProcessed_IJClean_DAPI_PROJ.tif,False,False,False,False,44,0.14935708483083726,0.23610883621053505,0.27484798431396484,347.55862814782773,7,15
../data/FOVs/random/DAPI/p15B8_1_SLC2A8_PyProcessed_IJClean_DAPI_PROJ.tif,False,True,False,False,106,0.024201425124177348,0.16498436746919298,0.6260461807250977,186.40010729610646,6,6
../data/FOVs/random/DAPI/p12F5_6_BAZ2A_PyProcessed_IJClean_DAPI_PROJ.tif,True,False,True,False,35,0.1181533888437006,0.3247023856230953,0.2481193542480469,342.4047312757229,3,27
../data/FOVs/random/DAPI/G10_3_INPP5E_PyProcessed_IJClean_DAPI_PROJ.tif,False,True,True,False,71,0.008943798854830024,0.26047741679469283,0.4598474502563477,187.8430195668713,8,21
../data/FOVs/random/DAPI/p7F9_3_MED25_PyProcessed_IJClean_DAPI_PROJ.tif,False,True,False,False,77,0.05718322012955659,0.09758729873569702,0.5068206787109375,164.61470165206998,9,24
../data/FOVs/random/DAPI/p03E8_8_SEC23B_PyProcessed_IJClean_DAPI_PROJ.tif,True,False,True,False,54,0.037522768940901764,0.06500267871541716,0.3516998291015625,284.39760899135564,7,18
../data/FOVs/random/DAPI/p02D6_6_STAM_PyProcessed_IJClean_DAPI_PROJ.tif,False,False,True,False,39,0.07986103608858729,1.695580321156681,0.2509355545043945,509.51447476985385,4,21
../data/FOVs/random/DAPI/p12C10_1_BLM_PyProcessed_IJClean_DAPI_PROJ.tif,True,False,False,False,56,0.06330671357967743,0.19948245044707108,0.3729267120361328,273.3093485411723,9,17
../data/FOVs/random/DAPI/p18A9_5_SRPRB_PyProcessed_IJClean_DAPI_PROJ.tif,False,False,True,False,42,0.10669658200033226,0.1869972091949854,0.2679634094238281,326.1487390746743,7,14
../data/FOVs/random/DAPI/p16H2_6_XPO7_PyProcessed_IJClean_DAPI_PROJ.tif,False,True,False,False,85,0.005126836463957385,0.19234115254762232,0.5532321929931641,185.06755523321743,9,19
../data/FOVs/random/DAPI/p9B3_3_ARHGEF26_PyProcessed_IJClean_DAPI_PROJ.tif,False,False,False,False,28,0.06718572606088104,3.1788335061887283,0.18171405792236328,600.4964612718378,6,3
../data/FOVs/random/DAPI/D3_2_PSME2_PyProcessed_IJClean_DAPI_PROJ.tif,False,True,True,False,67,0.021974168140372025,0.2924419048152139,0.4587621688842773,284.08449447303525,6,25
../data/FOVs/random/DAPI/p13E12_1_GRK2_PyProcessed_IJClean_DAPI_PROJ.tif,True,False,True,False,40,0.044791475192111734,0.3695076756532777,0.27127838134765625,281.0071173475861,5,24
../data/FOVs/random/DAPI/C6_2_DNAJC24_PyProcessed_IJClean_DAPI_PROJ.tif,False,False,False,False,37,0.13702433963501084,0.849039229680478,0.2373666763305664,351.12675773856944,6,14
../data/FOVs/random/DAPI/A4_3_BAG1_PyProcessed_IJClean_DAPI_PROJ.tif,True,False,False,False,65,0.03253218850871417,0.2798226738951609,0.39205169677734375,258.58847615468096,4,6
../data/FOVs/random/DAPI/p1H12_3_VAPB_PyProcessed_IJClean_DAPI_PROJ.tif,False,False,False,False,37,0.1074695349959952,1.4863724230637965,0.2363300323486328,404.47744065646003,7,9
../data/FOVs/random/DAPI/p18G3_2_ORAI2_PyProcessed_IJClean_DAPI_PROJ.tif,False,True,False,False,91,0.0212626788372009,0.09522214269743587,0.5905570983886719,150.2165104108067,9,16
../data/FOVs/random/DAPI/p02F5_5_SCRN2_PyProcessed_IJClean_DAPI_PROJ.tif,True,False,True,False,42,0.0867234905655617,0.3550246753564685,0.2836494445800781,239.4702486740263,5,25
../data/FOVs/random/DAPI/p16E5_5_SYNE4_PyProcessed_IJClean_DAPI_PROJ.tif,False,True,False,False,96,0.03251799069695949,0.15931700831785148,0.5990180969238281,189.04232330353963,4,11
../data/FOVs/random/DAPI/E1_5_TOPOR_Jin_C6_PyProcessed_IJClean_DAPI_PROJ.tif,True,False,True,False,48,0.07173565254226931,0.7585385201119015,0.30590057373046875,257.30332294783915,5,20
../data/FOVs/random/DAPI/p7C3_6_CEP120_PyProcessed_IJClean_DAPI_PROJ.tif,True,False,True,False,62,0.03537087628043405,0.4488007357209995,0.3956813812255859,248.8875247978492,6,20
../data/FOVs/random/DAPI/p4E8_1_AGPAT9_PyProcessed_IJClean_DAPI_PROJ.tif,False,False,True,False,70,0.019177855571387625,0.05644918654572175,0.4272756576538086,199.44924166313598,11,14
../data/FOVs/random/DAPI/p02B9_4_STX16_PyProcessed_IJClean_DAPI_PROJ.tif,False,False,True,False,69,0.04735595937818151,0.20165444330692284,0.4563627243041992,257.2877766237642,4,30
../data/FOVs/random/DAPI/p18B5_10_ERI3_PyProcessed_IJClean_DAPI_PROJ.tif,False,False,False,False,72,0.10722383338989283,0.4843732157084993,0.42374134063720703,247.82453470146984,5,4
../data/FOVs/random/DAPI/p8C5_6_ARL17B_PyProcessed_IJClean_DAPI_PROJ.tif,False,True,True,False,72,0.030612855225015983,0.2683130548918398,0.4565248489379883,180.31361568112374,8,29
../data/FOVs/random/DAPI/p19C5_5_NUP107_PyProcessed_IJClean_DAPI_PROJ.tif,False,True,False,False,103,0.03860795473624861,0.4217356613575102,0.6442365646362305,222.8542124349459,5,14
../data/FOVs/random/DAPI/p18F2_2_ATP6V1H_PyProcessed_IJClean_DAPI_PROJ.tif,False,False,False,False,52,0.06910286289401102,1.5351494513467927,0.3082113265991211,483.016562863014,6,7
../data/FOVs/random/DAPI/p4F3_6_LPCAT1_PyProcessed_IJClean_DAPI_PROJ.tif,True,False,True,False,55,0.06290401051745051,0.8455401048216638,0.35196495056152344,260.89461473936177,6,16
../data/FOVs/random/DAPI/p18E6_9_ATP6V0E1_PyProcessed_IJClean_DAPI_PROJ.tif,False,False,False,False,49,0.209620189784707,2.627260971998989,0.2933616638183594,748.970626927385,3,10
../data/FOVs/random/DAPI/p03C4_7_RPS14_PyProcessed_IJClean_DAPI_PROJ.tif,True,False,False,False,33,0.034272120093218686,1.1430143859508222,0.2137613296508789,368.4698088039236,6,10
../data/FOVs/random/DAPI/p8C5_2_ARL17B_PyProcessed_IJClean_DAPI_PROJ.tif,False,,False,False,70,0.06094149222638692,0.2764374088576393,0.41153717041015625,187.45932892230246,8,19
../data/FOVs/random/DAPI/D3_2_HSF1_PyProcessed_IJClean_DAPI_PROJ.tif,False,,False,False,76,0.04383979356291533,0.6077085825459215,0.4914665222167969,192.5201288177421,4,16
../data/FOVs/random/DAPI/p10C4_13_PICK1_PyProcessed_IJClean_DAPI_PROJ.tif,True,,True,False,39,0.07667718205276679,0.2310179525975589,0.2710723876953125,284.76305940202286,6,19
../data/FOVs/random/DAPI/p13A6_3_ARAF_PyProcessed_IJClean_DAPI_PROJ.tif,True,,True,False,54,0.08435214445880156,0.35195908312125296,0.3463773727416992,334.59378356448883,7,15
../data/FOVs/random/DAPI/p15G12_4_ANKRD28_PyProcessed_IJClean_DAPI_PROJ.tif,False,,False,False,88,0.030540879614612607,0.08817321592387617,0.5486879348754883,238.56236081997508,6,15
../data/FOVs/random/DAPI/p15B10_6_SLC30A9_PyProcessed_IJClean_DAPI_PROJ.tif,False,,False,False,78,0.060894908157583076,0.2255119609849645,0.4980287551879883,300.84713726409296,7,9
../data/FOVs/random/DAPI/p1A11_4_C18orf21_C_PyProcessed_IJClean_DAPI_PROJ.tif,True,,True,False,44,0.05441407688310846,0.3399960656973894,0.2784099578857422,266.5520587052368,4,21
../data/FOVs/random/DAPI/p18E10_4_ATP6V1D_PyProcessed_IJClean_DAPI_PROJ.tif,False,,False,False,72,0.021324107957498558,0.53848410504212,0.4577484130859375,302.45164902840247,7,19
../data/FOVs/random/DAPI/p10E10_8_POLR2J3_PyProcessed_IJClean_DAPI_PROJ.tif,True,,True,False,42,0.02538402344462888,0.4564461234241369,0.25360584259033203,398.8144932170848,8,18
../data/FOVs/random/DAPI/p4D6_6_CERK_PyProcessed_IJClean_DAPI_PROJ.tif,True,,True,False,51,0.07265852248591204,0.2531592732714667,0.3203697204589844,350.0228563965502,8,15
../data/FOVs/random/DAPI/p1G6_6_RAB9A_PyProcessed_IJClean_DAPI_PROJ.tif,True,,True,False,45,0.039162349478024695,0.5205364090468297,0.3054428100585937,292.4995726492605,6,27
../data/FOVs/random/DAPI/p12B4_10_CDKN2A_PyProcessed_IJClean_DAPI_PROJ.tif,False,,False,False,57,0.0566275459622746,0.2300630186071952,0.36564064025878906,250.40966435024032,6,9
../data/FOVs/random/DAPI/p18D3_6_DLGAP5_PyProcessed_IJClean_DAPI_PROJ.tif,True,,True,False,62,0.024854995900165117,0.30813122134596194,0.4113683700561523,162.63455967290594,10,22
../data/FOVs/random/DAPI/p13D6_1_CSNK1D_PyProcessed_IJClean_DAPI_PROJ.tif,False,,False,False,64,0.007353739057492549,0.4064799282857848,0.3985404968261719,234.77648945326703,8,17
../data/FOVs/random/DAPI/p13H12_3_CTRL2_PyProcessed_IJClean_DAPI_PROJ.tif,True,,True,False,42,0.03700412786085632,0.4625087634425811,0.2590484619140625,233.1372986032051,4,24
../data/FOVs/random/DAPI/p10F12_17_MKI67_PyProcessed_IJClean_DAPI_PROJ.tif,True,,True,False,43,0.035133252972988534,0.5796193655936286,0.2992677688598633,368.2417684076592,6,23
../data/FOVs/random/DAPI/p17A3_2_DYNC1H1_PyProcessed_IJClean_DAPI_PROJ.tif,False,,False,False,118,0.017764771069683362,0.21917603031179592,0.6942424774169922,130.87398519186308,4,9
../data/FOVs/random/DAPI/p10G5_3_TP53_PyProcessed_IJClean_DAPI_PROJ.tif,False,,False,False,106,0.027717024839494567,0.10109166020196947,0.600031852722168,176.1817243643619,2,9
../data/FOVs/random/DAPI/p10G2_2_KLHL15_PyProcessed_IJClean_DAPI_PROJ.tif,False,,False,False,82,0.006817800516586828,0.08923149898735222,0.5088939666748047,238.10291892372928,9,3
../data/FOVs/random/DAPI/p03D3_6_EGFR_PyProcessed_IJClean_DAPI_PROJ.tif,True,,False,False,71,0.055647377647235007,0.6447463804632639,0.4322404861450195,209.60200380721557,7,17
../data/FOVs/random/DAPI/p16E10_6_IPO5_PyProcessed_IJClean_DAPI_PROJ.tif,False,,False,False,45,0.08835360365770542,0.2238954729772641,0.2667102813720703,327.12382976481547,9,9
../data/FOVs/random/DAPI/p10H5_6_TJP2_PyProcessed_IJClean_DAPI_PROJ.tif,False,,False,False,73,0.04713037370424555,0.32578595142246525,0.4343347549438477,238.1952980224421,6,11
../data/FOVs/random/DAPI/p15G11_12_ANKRD52_PyProcessed_IJClean_DAPI_PROJ.tif,False,,False,False,94,0.0459948527081349,0.7554300756764765,0.5844688415527344,246.4406622292677,4,17
../data/FOVs/random/DAPI/p8C6_3_ARL2_PyProcessed_IJClean_DAPI_PROJ.tif,True,,True,False,46,0.05456820050478221,0.1820941671040472,0.3099489212036133,316.28468189275304,6,24
../data/FOVs/random/DAPI/p18H4_7_SMARCC2_PyProcessed_IJClean_DAPI_PROJ.tif,False,,False,False,48,0.14296107923014004,1.029410007232998,0.29454517364501953,440.69604037249985,6,6
../data/FOVs/random/DAPI/p1F10_1_RAB3GAP2_PyProcessed_IJClean_DAPI_PROJ.tif,False,,False,False,72,0.019915223148102332,0.2167467806067964,0.4499731063842773,210.44001520623402,5,20
../data/FOVs/random/DAPI/p15H1_3_ANKRD9_PyProcessed_IJClean_DAPI_PROJ.tif,False,,False,False,114,0.10753767674028528,0.027740430540772014,0.5880613327026367,211.53250341259616,3,3
../data/FOVs/random/DAPI/p11B3_1_RNASEH2A_PyProcessed_IJClean_DAPI_PROJ.tif,True,,True,False,34,0.0257148982417322,0.5746993211809935,0.22214412689208984,374.5130171302461,5,15
../data/FOVs/random/DAPI/p9C12_3_ARHGAP1_PyProcessed_IJClean_DAPI_PROJ.tif,False,,False,False,41,0.13187077862221888,0.4639664598324017,0.2543268203735352,507.39432397298265,8,10
../data/FOVs/random/DAPI/p11H9_10_CTNNBL1_PyProcessed_IJClean_DAPI_PROJ.tif,True,,True,False,61,0.05447015863320332,0.365372220868436,0.3959779739379883,237.02320561497768,6,30
../data/FOVs/random/DAPI/p16B8_1_NUFIP2_PyProcessed_IJClean_DAPI_PROJ.tif,False,,False,False,44,0.06486896410968336,0.8267334802190317,0.26996326446533203,344.93477644331546,6,14
../data/FOVs/random/DAPI/p02A1_11_YKT6_PyProcessed_IJClean_DAPI_PROJ.tif,True,,False,False,53,0.04986706611727197,0.11746117514261388,0.3310995101928711,293.0801938036755,9,13
../data/FOVs/random/DAPI/p9C6_7_TRIO_PyProcessed_IJClean_DAPI_PROJ.tif,True,,False,False,33,0.08072023300766015,1.0912315476448649,0.2172536849975586,359.96110901040413,6,12
../data/FOVs/random/DAPI/p12C7_13_EBNA1BP2_PyProcessed_IJClean_DAPI_PROJ.tif,True,,True,False,34,0.03305981231817408,1.4306474491952548,0.2325096130371093,319.1049983939456,6,15
../data/FOVs/random/DAPI/p19B5_1_NFKBIB_PyProcessed_IJClean_DAPI_PROJ.tif,False,,False,False,94,0.02247355736136797,0.14795338839590685,0.6078081130981445,200.1124683771604,3,8
../data/FOVs/random/DAPI/C12_3_PSMD9_PyProcessed_IJClean_DAPI_PROJ.tif,True,,True,False,46,0.01811095597578702,0.13876067129410835,0.3028402328491211,240.5202694161139,5,24
../data/FOVs/random/DAPI/p4B3_6_TM7SF2_PyProcessed_IJClean_DAPI_PROJ.tif,True,,True,False,59,0.020956786137487388,0.1333279428016348,0.38265228271484375,213.97429752192198,8,21
../data/FOVs/random/DAPI/H6_1_PI4K2A_PyProcessed_IJClean_DAPI_PROJ.tif,True,,True,False,43,0.00725358929135643,0.8698135145104283,0.2692298889160156,377.6400402499714,7,17
../data/FOVs/random/DAPI/p4B8_6_SC5D_PyProcessed_IJClean_DAPI_PROJ.tif,False,,False,False,64,0.06428411207900073,1.009334238221758,0.3697071075439453,286.8449058289165,7,9
../data/FOVs/random/DAPI/p10E12_12_POLR2L_PyProcessed_IJClean_DAPI_PROJ.tif,True,,True,False,28,0.08870983372757342,0.5513171123832049,0.1889200210571289,349.4982117264693,3,21
../data/FOVs/random/DAPI/p11G4_4_KIAA0368_PyProcessed_IJClean_DAPI_PROJ.tif,True,,True,False,45,0.03660712986088195,1.2671879180131007,0.2963600158691406,442.72000180701116,5,25
../data/FOVs/random/DAPI/F1_3_WWP1_PyProcessed_IJClean_DAPI_PROJ.tif,True,,False,False,55,0.08843750777131879,0.32147122651260146,0.36299800872802734,342.8308620879981,6,19
../data/FOVs/random/DAPI/p03B5_4_TOP2A_PyProcessed_IJClean_DAPI_PROJ.tif,True,,True,False,44,0.013432429271739644,1.5011489169185803,0.2903404235839844,282.0638225650358,6,23
../data/FOVs/random/DAPI/p9C8_9_RHOBTB3_PyProcessed_IJClean_DAPI_PROJ.tif,False,,False,False,70,0.09425641360102592,0.7529865056252851,0.3960494995117188,241.0145223840256,8,28
../data/FOVs/random/DAPI/p15D12_6_SLC39A3_PyProcessed_IJClean_DAPI_PROJ.tif,False,,False,False,102,0.07723730120575052,0.08040046603076033,0.5841283798217773,239.38462774372127,6,7
../data/FOVs/random/DAPI/p10C9_7_SNX4_PyProcessed_IJClean_DAPI_PROJ.tif,True,,True,False,60,0.053334167195795104,0.5845152174441783,0.3856801986694336,211.9103584065677,8,27
../data/FOVs/random/DAPI/p7G10_1_DNAJC4_PyProcessed_IJClean_DAPI_PROJ.tif,True,,True,False,45,0.062351848062541286,0.6355728411430602,0.30644798278808594,253.14027731674787,5,14
../data/FOVs/random/DAPI/p11C7_2_FTO_PyProcessed_IJClean_DAPI_PROJ.tif,False,,False,False,67,0.1292244175440497,0.4439840326342433,0.4227457046508789,304.6374894854538,7,8
../data/FOVs/random/DAPI/p17B5_5_KIF20B_PyProcessed_IJClean_DAPI_PROJ.tif,True,,True,False,35,0.0955741448514316,0.9658869709233984,0.22446823120117188,341.68991790803545,4,21
../data/FOVs/random/DAPI/p1B5_5_C19orf53_C_PyProcessed_IJClean_DAPI_PROJ.tif,True,,True,False,66,0.058143466536738166,0.2771539741037888,0.4319181442260742,197.31446981911893,8,21
../data/FOVs/random/DAPI/p4H6_1_GDI2_PyProcessed_IJClean_DAPI_PROJ.tif,True,,True,False,41,0.040589580929379435,0.13432810267277706,0.274226188659668,214.758003343298,4,27
../data/FOVs/random/DAPI/p8G5_6_NCKAP1_PyProcessed_IJClean_DAPI_PROJ.tif,True,,True,False,61,0.048641391733081935,0.2701757255566667,0.39114856719970703,362.36031791574516,7,19
../data/FOVs/random/DAPI/p16F11_5_NXT1_PyProcessed_IJClean_DAPI_PROJ.tif,True,,False,False,51,0.08463309674657944,0.9719090845060868,0.3447074890136719,355.87778801155883,6,20
../data/FOVs/random/DAPI/p16E6_6_CSE1L_PyProcessed_IJClean_DAPI_PROJ.tif,False,,False,False,62,0.08903393256533032,0.1849455016400488,0.3846120834350586,340.7550439832109,8,14
../data/FOVs/random/DAPI/p15C2_3_SLC35A3_PyProcessed_IJClean_DAPI_PROJ.tif,False,,False,False,67,0.09934850433283124,1.6765821018649638,0.3819694519042969,330.0484812872194,4,14
../data/FOVs/random/DAPI/p1E3_6_RAB11A_PyProcessed_IJClean_DAPI_PROJ.tif,True,,False,False,57,0.07247897297238981,0.06498225446991335,0.35980224609375,346.0664676041294,7,16
../data/FOVs/random/DAPI/p16F2_6_KPNA1_PyProcessed_IJClean_DAPI_PROJ.tif,False,,False,False,69,0.06461992111161051,0.516317928334072,0.4272871017456055,302.20026472523153,8,20
../data/FOVs/random/DAPI/p14B4_8_PAK4_PyProcessed_IJClean_DAPI_PROJ.tif,True,,True,False,40,0.10602488511755473,1.0189940783850149,0.2649850845336914,360.8171281965422,5,20
../data/FOVs/random/DAPI/p8D5_3_ARL6IP4_PyProcessed_IJClean_DAPI_PROJ.tif,True,,True,False,47,0.12511516669133127,0.3119201805621665,0.3036203384399414,295.02033828195636,6,16
../data/FOVs/random/DAPI/p02C11_6_CHMP6_PyProcessed_IJClean_DAPI_PROJ.tif,False,,False,False,67,0.08066581569886196,0.3737481434424712,0.4333534240722656,224.5907389007837,9,25
../data/FOVs/random/DAPI/p19H3_2_GSPT1_PyProcessed_IJClean_DAPI_PROJ.tif,False,,False,False,50,0.1781030142081934,2.7145863918012303,0.3317975997924805,615.2479175096818,6,12
../data/FOVs/random/DAPI/p03B3_5_CSNK2A1_PyProcessed_IJClean_DAPI_PROJ.tif,False,,False,False,78,0.10867769905557544,0.8893993558591697,0.4731473922729492,285.25953095383164,4,16
../data/FOVs/random/DAPI/p03C11_5_CD151_PyProcessed_IJClean_DAPI_PROJ.tif,True,,True,False,59,0.07262409728485697,0.4977392979817344,0.3992652893066406,252.69942619642015,10,19
../data/FOVs/random/DAPI/D2_6_FBXO7_PyProcessed_IJClean_DAPI_PROJ.tif,True,,True,False,51,0.026983275526453063,0.19939597058311792,0.3483161926269531,237.89283301520453,6,22
../data/FOVs/random/DAPI/p18E6_7_ATP6V0E1_PyProcessed_IJClean_DAPI_PROJ.tif,False,,False,False,58,0.10136459889247204,0.24990843838125004,0.3629207611083984,237.25513693068905,5,11
../data/FOVs/random/DAPI/p1E3_2_RAB11A_PyProcessed_IJClean_DAPI_PROJ.tif,False,,False,False,56,0.08159200291190677,0.2924891870786041,0.3716354370117188,215.8240023723033,6,20
../data/FOVs/random/DAPI/p03A6_4_TWISTNB_PyProcessed_IJClean_DAPI_PROJ.tif,True,,True,False,39,0.025267645677741243,0.3265879899872415,0.2671051025390625,253.03161857759991,4,29
../data/FOVs/random/DAPI/p16E2_2_SYNE1_PyProcessed_IJClean_DAPI_PROJ.tif,False,,False,False,85,0.044651161043823176,0.4819476031589282,0.5510568618774414,244.0430289928397,4,17
../data/FOVs/random/DAPI/p19G11_2_METAP2_PyProcessed_IJClean_DAPI_PROJ.tif,False,,False,False,92,0.030796936608708345,0.1355500294496456,0.5741157531738281,158.90248582070703,6,22
../data/FOVs/random/DAPI/p12D11_2_UTP6_PyProcessed_IJClean_DAPI_PROJ.tif,True,,True,False,47,0.07215832515137638,0.4056555448381369,0.3347129821777344,290.39455917768163,5,33
../data/FOVs/random/DAPI/H3_3_VDAC2_PyProcessed_IJClean_DAPI_PROJ.tif,True,,True,False,38,0.0782287584933274,0.4089873882600651,0.2631387710571289,274.11676344215067,5,25
../data/FOVs/random/DAPI/p11G6_10_CERS6_PyProcessed_IJClean_DAPI_PROJ.tif,False,,True,False,61,0.06359201461013379,0.2889079797129269,0.3930845260620117,224.7220505424424,7,17
../data/FOVs/random/DAPI/p18H11_6_CLTA_PyProcessed_IJClean_DAPI_PROJ.tif,False,,False,False,71,0.06822019485806424,0.8915848120798131,0.4115476608276367,221.3504009483606,5,9
../data/FOVs/random/DAPI/p15C11_4_SLC35F2_PyProcessed_IJClean_DAPI_PROJ.tif,True,,True,False,51,0.03512489060601938,0.19764776328935346,0.3360137939453125,264.35771220072246,9,14
../data/FOVs/random/DAPI/p10A7_20_ARF4_PyProcessed_IJClean_DAPI_PROJ.tif,False,,False,False,51,0.11817366107588018,0.7603174405999391,0.3279275894165039,364.9356107589392,9,16
../data/FOVs/random/DAPI/p8E9_5_CFL2_PyProcessed_IJClean_DAPI_PROJ.tif,True,,True,False,57,0.034445647677700406,0.2006750532863942,0.3652534484863281,196.12750954417385,6,20
../data/FOVs/random/DAPI/p1D6_1_ITGB1_PyProcessed_IJClean_DAPI_PROJ.tif,True,,True,False,65,0.022047166002311318,0.2000081900221735,0.4143705368041992,183.8477631085024,6,25
../data/FOVs/random/DAPI/p10D10_7_SNX25_PyProcessed_IJClean_DAPI_PROJ.tif,True,,True,False,54,0.016421683530923353,0.20919133671342727,0.37005615234375,220.6581065811995,6,37
../data/FOVs/random/DAPI/p19B9_1_CASP6_PyProcessed_IJClean_DAPI_PROJ.tif,False,,False,False,109,0.031090898960008894,0.012513227777308851,0.6415510177612305,149.78985279383915,5,3
../data/FOVs/random/DAPI/p13G12_2_MAPK3_PyProcessed_IJClean_DAPI_PROJ.tif,True,,True,False,30,0.08175271515869141,0.3829115947638485,0.1945953369140625,385.8756276314948,5,14
../data/FOVs/random/DAPI/p02H11_7_VIM_PyProcessed_IJClean_DAPI_PROJ.tif,True,,True,False,29,0.0495786757445036,0.8442820358370169,0.20584964752197266,304.138126514911,3,18
../data/FOVs/random/DAPI/p1D4_3_ESYT1_PyProcessed_IJClean_DAPI_PROJ.tif,False,,False,False,65,0.012372229537940312,0.5269126446687732,0.40911865234375,227.1783440383348,9,20
../data/FOVs/random/DAPI/p10F9_16_POLR3H_PyProcessed_IJClean_DAPI_PROJ.tif,True,,True,False,34,0.09745207777100376,0.4269805637788393,0.2375478744506836,293.29336848964044,4,22
../data/FOVs/random/DAPI/p12D6_11_LTV1_PyProcessed_IJClean_DAPI_PROJ.tif,True,,True,False,44,0.03764591884150435,0.3679004178228808,0.309077262878418,231.66354913969525,5,21
../data/FOVs/random/DAPI/p18F5_8_KCNQ2_PyProcessed_IJClean_DAPI_PROJ.tif,False,,False,False,80,0.059083647902888364,0.08991648504324552,0.4898624420166016,229.38613733179253,6,10
../data/FOVs/random/DAPI/p15A8_6_SLC19A1_PyProcessed_IJClean_DAPI_PROJ.tif,False,,False,False,69,0.011253416190876268,0.34683746584917474,0.4200496673583984,247.47727168368408,7,9
../data/FOVs/random/DAPI/p15B4_12_SLC29A1_PyProcessed_IJClean_DAPI_PROJ.tif,False,,False,False,78,0.037303596750425175,0.4818352347922224,0.4955577850341797,151.6443206981389,7,29
../data/FOVs/random/DAPI/p19A12_2_FKBP8_PyProcessed_IJClean_DAPI_PROJ.tif,False,,False,False,58,0.10440074974236893,0.4492721701529148,0.3577108383178711,297.8741344930774,7,12
../data/FOVs/random/DAPI/p03D5_2_FGFR1_PyProcessed_IJClean_DAPI_PROJ.tif,False,,True,False,65,0.0884374604899145,0.5166903001383385,0.4216499328613281,293.29336848964044,5,16
../data/FOVs/random/DAPI/p17B7_1_KIF23_PyProcessed_IJClean_DAPI_PROJ.tif,False,,True,False,47,0.07877672275245423,0.454243622256682,0.29918575286865234,383.275357934736,8,13
../data/FOVs/random/DAPI/p18H5_9_SMARCD1_PyProcessed_IJClean_DAPI_PROJ.tif,False,,False,False,105,0.03483212360717183,0.04023863735695343,0.6224126815795898,160.51479682571326,6,6
../data/FOVs/random/DAPI/p14G11_5_PRNP_PyProcessed_IJClean_DAPI_PROJ.tif,True,,True,False,47,0.04111672174443808,0.1818679749382154,0.3104581832885742,276.4434842784326,6,23
../data/FOVs/random/DAPI/p15D12_1_SLC39A3_PyProcessed_IJClean_DAPI_PROJ.tif,True,,True,False,54,0.10586909407166877,0.25930765453675425,0.3408908843994141,309.1035425225664,6,15
../data/FOVs/random/DAPI/p13B5_4_CAMK1_PyProcessed_IJClean_DAPI_PROJ.tif,False,,False,False,75,0.032383859594718414,0.1813087500833083,0.4706897735595703,236.21176939348305,7,18
../data/FOVs/random/DAPI/p17B9_6_KIF3A_PyProcessed_IJClean_DAPI_PROJ.tif,False,,False,False,77,0.0482905650908459,0.5451596797427002,0.4789829254150391,251.58895047279003,11,13
../data/FOVs/random/DAPI/p4F10_2_PLPP1_PyProcessed_IJClean_DAPI_PROJ.tif,True,,True,False,38,0.05984563024156742,0.3305328610495932,0.26190185546875,222.03603311174518,5,23
../data/FOVs/random/DAPI/p19B9_3_CASP6_PyProcessed_IJClean_DAPI_PROJ.tif,False,,False,False,31,0.09695198790410428,1.3158440431445029,0.2088651657104492,404.85058972415976,4,13
../data/FOVs/random/DAPI/p02G1_8_GPR107_PyProcessed_IJClean_DAPI_PROJ.tif,True,,True,False,36,0.06054957910573765,0.7843978632743731,0.2399406433105469,447.4650824366076,5,19
../data/FOVs/random/DAPI/p13F9_7_JAK1_PyProcessed_IJClean_DAPI_PROJ.tif,False,,False,False,58,0.07191174438652485,0.6873115105341722,0.37460899353027344,388.8508711575686,4,16
../data/FOVs/random/DAPI/p14D11_6_RPS6KA1_PyProcessed_IJClean_DAPI_PROJ.tif,True,,True,False,42,0.0577491186047203,0.3613276129834676,0.28390026092529297,248.69660230891773,4,30
../data/FOVs/random/DAPI/p14B3_12_OXSR1_PyProcessed_IJClean_DAPI_PROJ.tif,False,,True,False,29,0.012803645045771495,0.3272249225233068,0.19868850708007807,292.227650984639,4,17
../data/FOVs/random/DAPI/p7D7_4_ANAPC11_PyProcessed_IJClean_DAPI_PROJ.tif,True,,True,False,53,0.040685885735705904,0.3397448002679437,0.3502817153930664,182.47739586041882,6,23
../data/FOVs/random/DAPI/p15F9_6_SLC23A2_PyProcessed_IJClean_DAPI_PROJ.tif,False,,False,False,98,0.038296730736056224,0.24989033359572016,0.6047821044921875,182.47739586041882,4,9
../data/FOVs/random/DAPI/p16H2_1_XPO7_PyProcessed_IJClean_DAPI_PROJ.tif,False,,False,False,74,0.018247038644050168,0.246682550194683,0.4938898086547852,219.31712199461307,10,15
../data/FOVs/random/DAPI/p9F10_8_CLIP1_PyProcessed_IJClean_DAPI_PROJ.tif,True,,True,False,48,0.06796904645443473,0.5859114062590166,0.29928112030029297,266.101484400219,7,13
../data/FOVs/random/DAPI/p11D7_2_H1F0_PyProcessed_IJClean_DAPI_PROJ.tif,False,,False,False,82,0.04832716113299966,0.5159676489974049,0.5153007507324219,197.51708786836647,9,9
../data/FOVs/random/DAPI/p18C10_2_R3HCC1_PyProcessed_IJClean_DAPI_PROJ.tif,False,,False,False,72,0.0418936630238537,0.10922572373314404,0.4622945785522461,192.62917743685662,9,26
../data/FOVs/random/DAPI/p11E9_8_EWSR1_PyProcessed_IJClean_DAPI_PROJ.tif,False,,False,False,73,0.02432820346051736,0.2572760365122869,0.4659080505371094,165.05150711217394,5,26
../data/FOVs/random/DAPI/p02A1_14_YKT6_PyProcessed_IJClean_DAPI_PROJ.tif,True,,True,False,71,0.017071256898146762,0.19937073687072493,0.4548759460449219,170.07351351694948,10,24
../data/FOVs/random/DAPI/p18H1_3_SMARCAL1_PyProcessed_IJClean_DAPI_PROJ.tif,False,,False,False,81,0.07905260170968992,0.5325045524295471,0.4488439559936523,305.94117081556715,5,5
../data/FOVs/random/DAPI/p14C4_8_PLK1_PyProcessed_IJClean_DAPI_PROJ.tif,False,,False,False,27,0.16202981115305848,0.6218203332019699,0.17864608764648438,344.363180377926,3,18
../data/FOVs/random/DAPI/p16F2_5_KPNA1_PyProcessed_IJClean_DAPI_PROJ.tif,False,,False,False,29,0.05680188122607719,0.9674751881847342,0.1815805435180664,372.90749523172633,5,6
../data/FOVs/random/DAPI/p13D6_3_CSNK1D_PyProcessed_IJClean_DAPI_PROJ.tif,True,,True,False,48,0.02082591123295701,0.2807786853738166,0.2989511489868164,234.58047659598614,8,19
../data/FOVs/random/DAPI/p11D9_3_PIGW_PyProcessed_IJClean_DAPI_PROJ.tif,False,,False,False,65,0.03788530485396447,0.19969865451516666,0.4438619613647461,195.0179478919825,9,22
../data/FOVs/random/DAPI/p11C3_3_ASS1_PyProcessed_IJClean_DAPI_PROJ.tif,True,,True,False,36,0.011575458585087595,0.2449934823359389,0.2417173385620117,356.1179579858336,4,21
../data/FOVs/random/DAPI/p7H7_3_COMMD2_PyProcessed_IJClean_DAPI_PROJ.tif,True,,True,False,37,0.054672747157343285,0.9917946855954182,0.2539329528808594,356.4056677439347,4,25
../data/FOVs/random/DAPI/p15B2_8_SLC27A4_PyProcessed_IJClean_DAPI_PROJ.tif,False,,False,False,119,0.034611747539816023,0.09065774086229347,0.6765174865722656,176.36609651517497,3,0
../data/FOVs/random/DAPI/p19B12_3_LRP6_PyProcessed_IJClean_DAPI_PROJ.tif,True,,True,False,41,0.10927913637302733,0.6854099535270076,0.2669639587402344,361.78032008388743,5,22
../data/FOVs/random/DAPI/p13C6_5_CDK5_PyProcessed_IJClean_DAPI_PROJ.tif,False,,True,False,29,0.02147458180789269,0.921334063664159,0.2028245925903321,242.16729754448681,2,23
../data/FOVs/random/DAPI/p18H12_6_CTRL2_PyProcessed_IJClean_DAPI_PROJ.tif,False,,False,False,115,0.014929636942575,0.11162257370279102,0.6744604110717773,141.90489773083945,3,9
../data/FOVs/random/DAPI/p10H7_1_EIF2AK2-C_PyProcessed_IJClean_DAPI_PROJ.tif,True,,True,False,46,0.03408603018167943,0.7466222373478821,0.2901639938354492,262.9619744373699,5,24
../data/FOVs/random/DAPI/p02E10_5_TATDN3_PyProcessed_IJClean_DAPI_PROJ.tif,True,,True,False,57,0.05516858231694522,0.4038808633202917,0.38110828399658203,330.4088376542008,8,15
../data/FOVs/random/DAPI/p19G7_5_RNF40_PyProcessed_IJClean_DAPI_PROJ.tif,False,,False,False,36,0.04348578251388592,2.2927460850170447,0.21166133880615234,531.884385933635,6,5
../data/FOVs/random/DAPI/p14C11_3_PRKD2_PyProcessed_IJClean_DAPI_PROJ.tif,True,,True,False,41,0.07614015867870724,0.3142071047943579,0.24582576751708984,353.8036178447022,6,17
../data/FOVs/random/DAPI/p11H2_4_LRRC20_PyProcessed_IJClean_DAPI_PROJ.tif,True,,True,False,70,0.061320914287522815,0.41359843268757857,0.4729728698730469,200.47942537826668,10,23
../data/FOVs/random/DAPI/p02C4_6_VAMP4_PyProcessed_IJClean_DAPI_PROJ.tif,True,,True,False,48,0.006183590667610277,0.7981364126587057,0.3249101638793945,317.90721916936707,5,31
../data/FOVs/random/DAPI/p14G2_9_TAOK2_PyProcessed_IJClean_DAPI_PROJ.tif,False,,False,False,57,0.08150018208103434,0.5704321208473436,0.3839559555053711,226.8082890901477,8,22
../data/FOVs/random/DAPI/p10C9_11_SNX4_PyProcessed_IJClean_DAPI_PROJ.tif,True,,True,False,25,0.013775832445638706,0.4709245580370056,0.17563629150390625,318.34729463276426,2,22
../data/FOVs/random/DAPI/p11G2_3_WDR3_PyProcessed_IJClean_DAPI_PROJ.tif,True,,True,False,52,0.0029689705813376022,0.008689152297768486,0.3666810989379883,188.32153355365392,3,43
../data/FOVs/random/DAPI/p8D5_5_ARL6IP4_PyProcessed_IJClean_DAPI_PROJ.tif,True,,True,False,59,0.04863296674085802,0.3182043687681383,0.40395355224609375,202.07424378183381,5,30
../data/FOVs/random/DAPI/p4A8_1_FDPS_PyProcessed_IJClean_DAPI_PROJ.tif,False,,False,False,71,0.07070030048030275,0.15585194979531286,0.4187097549438477,206.8912757948,4,6
../data/FOVs/random/DAPI/p16G11_6_XPO4_PyProcessed_IJClean_DAPI_PROJ.tif,True,,True,False,33,0.09579401976937037,1.3488238690611465,0.2187328338623047,331.71674663785063,4,19
../data/FOVs/random/DAPI/p03B10_6_RRP1_PyProcessed_IJClean_DAPI_PROJ.tif,False,,True,False,65,0.02280631718193327,0.8721109696648323,0.4196691513061523,206.82843131445927,9,22
../data/FOVs/random/DAPI/p9B1_16_ARHGEF18_PyProcessed_IJClean_DAPI_PROJ.tif,True,,True,False,28,0.031429805019246235,1.2773075615998957,0.1903734207153321,396.365992486742,4,16
../data/FOVs/random/DAPI/p19A12_1_FKBP8_PyProcessed_IJClean_DAPI_PROJ.tif,False,,False,False,76,0.02751649155056524,0.1299254720675073,0.4921197891235352,232.7230113246217,6,18
../data/FOVs/random/DAPI/p11H9_4_CTNNBL1_PyProcessed_IJClean_DAPI_PROJ.tif,True,,True,False,44,0.0795804788841438,1.6658649994577746,0.28078746795654297,361.43187463199763,7,19
../data/FOVs/random/DAPI/p02F4_2_ARMCX3_PyProcessed_IJClean_DAPI_PROJ.tif,True,,True,False,63,0.023791073911804208,0.2055184735521184,0.4151182174682617,353.95621198108665,8,25
../data/FOVs/random/DAPI/p02G8_4_B4GALT1_PyProcessed_IJClean_DAPI_PROJ.tif,False,,False,False,69,0.03586882985729028,0.4231038923754217,0.4759292602539063,281.31477031965454,5,33
../data/FOVs/random/DAPI/p8F10_4_GRB2_PyProcessed_IJClean_DAPI_PROJ.tif,False,,False,False,53,0.05211463097409525,0.4202386265822606,0.3408060073852539,234.35016535091245,5,25
../data/FOVs/random/DAPI/B5_2_PSMA6_PyProcessed_IJClean_DAPI_PROJ.tif,True,,True,False,62,0.03975322594353884,0.0919683809042876,0.4206533432006836,225.5681715136247,7,33
../data/FOVs/random/DAPI/p14C9_4_PRKCI_PyProcessed_IJClean_DAPI_PROJ.tif,True,,True,False,42,0.04061456636476129,0.7981452274049232,0.2971305847167969,257.0311265197272,5,22
../data/FOVs/random/DAPI/p10C8_20_SNX3_PyProcessed_IJClean_DAPI_PROJ.tif,True,,True,False,48,0.05285580316299849,0.1846446291862991,0.31374645233154297,296.97137909232936,7,22
../data/FOVs/random/DAPI/p18D7_5_FAM50B-N_PyProcessed_IJClean_DAPI_PROJ.tif,False,,False,False,45,0.07068650063427677,2.584333762879245,0.2708148956298828,570.852870711885,3,6
../data/FOVs/random/DAPI/p17C12_3_MYL6B_PyProcessed_IJClean_DAPI_PROJ.tif,True,,False,False,25,0.08505564943598139,3.2003073121415686,0.16188430786132812,538.984229824955,4,13
../data/FOVs/random/DAPI/A5_2_PSMB1_PyProcessed_IJClean_DAPI_PROJ.tif,False,,False,False,62,0.02927473477411002,0.3415821826692902,0.4118223190307617,327.2460847741345,5,27
../data/FOVs/random/DAPI/p03E10_1_SEC24A_PyProcessed_IJClean_DAPI_PROJ.tif,False,,False,False,67,0.06038311182239349,0.06297617005686973,0.4520072937011719,217.572976263138,8,22
../data/FOVs/random/DAPI/p7H1_1_SNX8_PyProcessed_IJClean_DAPI_PROJ.tif,True,,True,False,43,0.02195513498749287,0.2407994308896871,0.2980470657348633,234.0299126180241,6,24
../data/FOVs/random/DAPI/p10E1_7_POLR2B_PyProcessed_IJClean_DAPI_PROJ.tif,True,,True,False,40,0.0052521452380956644,0.2443381638727251,0.2803440093994141,195.01025614054245,5,24
../data/FOVs/random/DAPI/p13D10_1_DAPK3_PyProcessed_IJClean_DAPI_PROJ.tif,False,,False,False,74,0.015869940368765403,0.05135088415865241,0.478414535522461,164.2589419179364,8,24
../data/FOVs/random/DAPI/p03H6_9_PCNA_PyProcessed_IJClean_DAPI_PROJ.tif,True,,True,False,46,0.07214855834296527,0.7968643874224185,0.3156147003173828,319.0485856417484,7,21
../data/FOVs/random/DAPI/p18C11_4_SCRN1_PyProcessed_IJClean_DAPI_PROJ.tif,False,,False,False,58,0.02981393895363413,0.3096675174950354,0.369415283203125,234.0939982143925,8,14
../data/FOVs/random/DAPI/p8D4_4_ARL2BP_PyProcessed_IJClean_DAPI_PROJ.tif,False,,False,True,38,0.07425834243753121,0.2525330226276637,0.2553129196166992,216.51789764358972,6,19
../data/FOVs/random/DAPI/p4D9_4_ELOVL1_PyProcessed_IJClean_DAPI_PROJ.tif,True,,True,False,44,0.022419415830458787,0.714199033112702,0.3114223480224609,230.3844612815717,5,28
../data/FOVs/random/DAPI/p4G11_1_ATP2A2_PyProcessed_IJClean_DAPI_PROJ.tif,True,,True,False,36,0.050861067684332566,1.0733931542271868,0.24383544921875,284.4239792985113,5,20
../data/FOVs/random/DAPI/p02D11_1_VPS36_PyProcessed_IJClean_DAPI_PROJ.tif,False,,False,False,52,0.05929679662603213,0.14715572502886054,0.3562936782836914,238.29603437741048,7,29
../data/FOVs/random/DAPI/p18G10_6_SMARCA4_PyProcessed_IJClean_DAPI_PROJ.tif,False,,False,False,64,0.08991332055704783,0.2433628921612311,0.4029397964477539,221.1085706163377,9,18
../data/FOVs/random/DAPI/p19G10_2_GNB1_PyProcessed_IJClean_DAPI_PROJ.tif,False,,False,False,80,0.022998127866306808,0.09731100415825664,0.5135974884033203,173.48486965727008,9,22
../data/FOVs/random/DAPI/p03E12_1_SEC24C_PyProcessed_IJClean_DAPI_PROJ.tif,False,,True,False,35,0.09528835650661743,0.09539596236821386,0.2265672683715821,245.5951953927438,7,13
../data/FOVs/random/DAPI/p17G5_5_RBM26_PyProcessed_IJClean_DAPI_PROJ.tif,False,,False,False,38,0.10914584187277747,1.1401666901724756,0.2473888397216797,584.2165694329458,6,16
../data/FOVs/random/DAPI/p1E6_4_RAB13_PyProcessed_IJClean_DAPI_PROJ.tif,True,,True,False,51,0.06345168218310318,0.19429308969635609,0.3434743881225586,216.33307652783927,8,22
../data/FOVs/random/DAPI/p10D7_8_SNX17_PyProcessed_IJClean_DAPI_PROJ.tif,True,,True,False,44,0.08585750028929186,0.08047047709630653,0.30162620544433594,268.92378102354576,5,22
../data/FOVs/random/DAPI/p17D8_1_SF3A3_PyProcessed_IJClean_DAPI_PROJ.tif,True,,False,False,45,0.03878105593247872,0.6445231946704744,0.2981224060058594,277.1461708196597,4,24
../data/FOVs/random/DAPI/p03B11_8_RPL35_PyProcessed_IJClean_DAPI_PROJ.tif,False,,False,False,49,0.11584376756241993,0.504026240663091,0.29128360748291016,437.01029736151526,8,13
../data/FOVs/random/DAPI/p4G4_6_CEPT1_PyProcessed_IJClean_DAPI_PROJ.tif,True,,True,False,35,0.04477888907841532,0.21733895888952165,0.2269315719604492,268.15667062372324,4,24
../data/FOVs/random/DAPI/p1E12_6_RAB23_PyProcessed_IJClean_DAPI_PROJ.tif,False,,False,False,64,0.034906950482765334,0.1355567725663987,0.4143247604370117,196.01020381602584,10,25
../data/FOVs/random/DAPI/C3_6_PSMD13_PyProcessed_IJClean_DAPI_PROJ.tif,False,,False,False,60,0.04283515584410578,0.4055910874255197,0.38704872131347656,269.6145396672813,5,23
../data/FOVs/random/DAPI/p15B9_6_SLC30A5_PyProcessed_IJClean_DAPI_PROJ.tif,False,,False,False,106,0.03654611939846364,0.12508490305462538,0.6373071670532227,181.69479904499192,4,16
../data/FOVs/random/DAPI/p19F6_1_EEF2_PyProcessed_IJClean_DAPI_PROJ.tif,False,,False,False,61,0.0371949202086439,0.21713698968882167,0.39279747009277344,241.18250351134515,4,24
../data/FOVs/random/DAPI/p19G3_3_EIF3B_PyProcessed_IJClean_DAPI_PROJ.tif,False,,True,False,64,0.0641062262365227,0.5940355965343354,0.4302425384521485,223.5173371351761,8,25
../data/FOVs/random/DAPI/p7D9_3_ANAPC15_PyProcessed_IJClean_DAPI_PROJ.tif,False,,False,False,53,0.08053613510061472,0.2132692915760641,0.3497896194458008,290.8693864950383,6,19
../data/FOVs/random/DAPI/p16E6_1_CSE1L_PyProcessed_IJClean_DAPI_PROJ.tif,False,,False,False,59,0.05784032977227276,1.5683764529805715,0.35930919647216797,339.8484956565205,6,14
../data/FOVs/random/DAPI/p16C7_1_LEMD3_PyProcessed_IJClean_DAPI_PROJ.tif,False,,False,False,34,0.1406973623660283,1.2418282619368557,0.20386886596679688,586.4077079984539,4,2
../data/FOVs/random/DAPI/p02D10_2_VPS28_PyProcessed_IJClean_DAPI_PROJ.tif,False,,False,False,69,0.046511615359670834,0.14094034991368795,0.4725589752197266,173.78722622793651,6,32
../data/FOVs/random/DAPI/p7G4_3_MED27_PyProcessed_IJClean_DAPI_PROJ.tif,True,,True,False,60,0.06091218080020142,0.1473963915688907,0.4190597534179688,285.17538463198395,6,34
../data/FOVs/random/DAPI/p13F9_8_JAK1_PyProcessed_IJClean_DAPI_PROJ.tif,False,,False,False,61,0.1256449310305192,0.15888057661861527,0.3561677932739258,274.57785781085846,7,11
../data/FOVs/random/DAPI/p16A8_5_CLASP1_PyProcessed_IJClean_DAPI_PROJ.tif,False,,False,False,25,0.06927632780919153,3.845109983325975,0.17220115661621094,446.99552570467637,3,16
../data/FOVs/random/DAPI/p18D3_3_DLGAP5_PyProcessed_IJClean_DAPI_PROJ.tif,False,,False,False,29,0.05339397859126056,1.1614297759151977,0.19365596771240234,448.03571286226725,6,13
../data/FOVs/random/DAPI/p10C12_12_SNX7_PyProcessed_IJClean_DAPI_PROJ.tif,True,,True,False,46,0.07151780849790527,0.35388809714486025,0.31920623779296875,282.0248216026384,6,23
../data/FOVs/random/DAPI/p14C3_8_PKN3_PyProcessed_IJClean_DAPI_PROJ.tif,False,,False,False,65,0.04299835186801484,0.1442832126399457,0.4424991607666016,216.453228204155,8,25
../data/FOVs/random/DAPI/p9B5_12_DOCK1_PyProcessed_IJClean_DAPI_PROJ.tif,False,,False,False,38,0.015435375846578262,0.8673689812851396,0.2367696762084961,284.10033438910267,6,14
../data/FOVs/random/DAPI/p4G2_6_CDS1_PyProcessed_IJClean_DAPI_PROJ.tif,True,,True,False,50,0.02482053043508741,0.2457829916067017,0.3199472427368164,212.6593520163174,8,18
../data/FOVs/random/DAPI/p4F4_1_LPCAT2_PyProcessed_IJClean_DAPI_PROJ.tif,True,,True,False,63,0.07592457752399334,0.2249486854623132,0.4031457901000977,246.6191395654441,10,21
../data/FOVs/random/DAPI/p03H10_13_PARP1_PyProcessed_IJClean_DAPI_PROJ.tif,True,,True,False,57,0.06770511004198745,0.16966908768301273,0.3830480575561523,205.11947737842937,8,24
../data/FOVs/random/DAPI/D10_3_ERVK3_Jin_A1_PyProcessed_IJClean_DAPI_PROJ.tif,False,,True,False,63,0.014531301643425075,0.2953481859883449,0.4447145462036133,189.44656238633632,9,28
../data/FOVs/random/DAPI/p18C4_2_MFSD11_PyProcessed_IJClean_DAPI_PROJ.tif,False,,False,False,65,0.10653777355595907,0.604395148773727,0.4034528732299805,261.40007651108294,5,18
../data/FOVs/random/DAPI/p18H12_3_CTRL2_PyProcessed_IJClean_DAPI_PROJ.tif,False,,False,False,81,0.044299956594723036,0.30597172754100993,0.5045766830444336,261.04788832702707,8,14
../data/FOVs/random/DAPI/B5_3_PSMA6_PyProcessed_IJClean_DAPI_PROJ.tif,False,,True,False,55,0.06535413284079854,0.382466776676928,0.35832881927490234,209.60200380721557,8,19
../data/FOVs/random/DAPI/p17B2_2_KIF1BP_PyProcessed_IJClean_DAPI_PROJ.tif,False,,False,False,51,0.10114565494974533,0.8945842304537948,0.32576847076416016,303.81573362813185,4,10
../data/FOVs/random/DAPI/p18E10_1_ATP6V1D_PyProcessed_IJClean_DAPI_PROJ.tif,False,,False,False,99,0.03699233609764002,0.3582360198258656,0.6042394638061523,173.5655495770978,4,6
../data/FOVs/random/DAPI/p14C9_5_PRKCI_PyProcessed_IJClean_DAPI_PROJ.tif,False,,False,False,43,0.10885226407355003,1.4868911073983369,0.2794532775878906,302.6417023478424,3,17
../data/FOVs/random/DAPI/p18E7_3_ATP6V0E2_PyProcessed_IJClean_DAPI_PROJ.tif,False,,False,False,40,0.18599377109239434,0.6297873909258788,0.22647953033447266,505.6649088081948,4,3
../data/FOVs/random/DAPI/p12B9_5_XPO1_PyProcessed_IJClean_DAPI_PROJ.tif,False,,False,False,68,0.07355117475784605,0.15649205728267673,0.4436378479003906,218.04815981796315,7,22
../data/FOVs/random/DAPI/p16B3_5_FAM120A_PyProcessed_IJClean_DAPI_PROJ.tif,False,,False,False,93,0.014340492968311669,0.25796989540884696,0.5732784271240234,157.74663229368798,5,12
../data/FOVs/random/DAPI/p16C2_5_REEP4_PyProcessed_IJClean_DAPI_PROJ.tif,False,,False,False,92,0.13206029938437372,0.9189609469566342,0.5456581115722656,427.3289131336657,2,1
../data/FOVs/random/DAPI/p16D11_5_AKAP8L_PyProcessed_IJClean_DAPI_PROJ.tif,False,,False,False,63,0.036967175235257874,0.3670258004742705,0.3893890380859375,242.78797334299736,9,12
../data/FOVs/random/DAPI/p10E12_11_POLR2L_PyProcessed_IJClean_DAPI_PROJ.tif,True,,True,False,55,0.06227081650281253,0.12680306712234568,0.3452491760253906,287.16719868397234,9,23
../data/FOVs/random/DAPI/p9F8_11_VCL_PyProcessed_IJClean_DAPI_PROJ.tif,True,,True,False,61,0.017512251494438212,0.3689291072217168,0.3950176239013672,241.85326129701042,6,27
../data/FOVs/random/DAPI/p18D1_6_FAM3A_PyProcessed_IJClean_DAPI_PROJ.tif,False,,False,False,58,0.08958353436166554,0.12021656291416875,0.35661983489990234,301.53275112332324,6,10
../data/FOVs/random/DAPI/p7G5_2_MED9_PyProcessed_IJClean_DAPI_PROJ.tif,False,,False,False,88,0.062156082730049377,0.4280883052724811,0.5148773193359375,252.1150531007619,9,17
../data/FOVs/random/DAPI/p9C7_7_RHOB_PyProcessed_IJClean_DAPI_PROJ.tif,False,,False,False,73,0.03278250336617864,0.1845285952882285,0.4667901992797852,239.38462774372127,9,18
../data/FOVs/random/DAPI/p17F9_5_RBM15_PyProcessed_IJClean_DAPI_PROJ.tif,False,,False,False,68,0.0550307543400678,0.9258290323569408,0.4332170486450195,313.28740798187215,10,11
../data/FOVs/random/DAPI/p15D4_12_SLC38A1_PyProcessed_IJClean_DAPI_PROJ.tif,False,,False,False,75,0.04332397359855232,0.14381385489438614,0.4830961227416992,225.8782858089728,9,15
../data/FOVs/random/DAPI/p19H6_3_USP22_PyProcessed_IJClean_DAPI_PROJ.tif,False,,False,False,106,0.048322823223741145,0.2275398487390653,0.6326303482055664,175.64168070250298,8,8
../data/FOVs/random/DAPI/p13G6_6_MAP3K4_PyProcessed_IJClean_DAPI_PROJ.tif,True,,True,False,54,0.019347878169314426,0.5891936222030559,0.3612337112426758,346.7116957934935,8,17
../data/FOVs/random/DAPI/p19C4_6_NUP98_PyProcessed_IJClean_DAPI_PROJ.tif,False,,False,False,64,0.059252172794545324,0.36313614913137177,0.4197359085083008,290.0,6,19
../data/FOVs/random/DAPI/p10G1_15_NIFK_PyProcessed_IJClean_DAPI_PROJ.tif,True,,True,False,48,0.07785380500438605,0.09827305074584833,0.33702659606933594,394.9936708353692,5,29
../data/FOVs/random/DAPI/p13H11_10_CLTA_PyProcessed_IJClean_DAPI_PROJ.tif,False,,False,False,59,0.07481437146363562,0.788332799856539,0.34208106994628906,393.9048108363238,4,3
../data/FOVs/random/DAPI/p12E12_3_WDR46_PyProcessed_IJClean_DAPI_PROJ.tif,True,,True,False,56,0.0710240579632606,0.7024112502059611,0.36704063415527344,301.6819517306264,7,25
../data/FOVs/random/DAPI/p19G11_5_METAP2_PyProcessed_IJClean_DAPI_PROJ.tif,False,,False,False,112,0.03983546110121987,0.0844769952180439,0.6848478317260742,163.48700254148645,5,7
../data/FOVs/random/DAPI/p15C10_4_SLC35E2B_PyProcessed_IJClean_DAPI_PROJ.tif,False,,False,False,79,0.03821190446803082,0.15848596199807408,0.4949731826782226,213.70072531463245,7,11
../data/FOVs/random/DAPI/p15D10_4_SLC39A11_PyProcessed_IJClean_DAPI_PROJ.tif,False,,False,False,116,0.012981557255323206,0.08861565453729478,0.6494550704956055,209.3895890439637,5,9
../data/FOVs/random/DAPI/p14D9_5_ROCK1_PyProcessed_IJClean_DAPI_PROJ.tif,False,,False,False,57,0.06776638483563763,0.6504108093281177,0.3736658096313477,414.9325246350303,8,18
../data/FOVs/random/DAPI/p16F2_3_KPNA1_PyProcessed_IJClean_DAPI_PROJ.tif,False,,False,False,75,0.04307583326607672,0.35788468913975635,0.4987430572509766,286.2254356272342,9,19
../data/FOVs/random/DAPI/p7G2_1_MED11_PyProcessed_IJClean_DAPI_PROJ.tif,True,,True,False,44,0.03063784572617032,0.16202653243885407,0.3127040863037109,253.14817795117543,5,29
../data/FOVs/random/DAPI/E11_4_SQSTM1_PyProcessed_IJClean_DAPI_PROJ.tif,False,,False,False,66,0.05206556200907402,0.458711148209735,0.4495973587036133,250.7149776140229,6,20
../data/FOVs/random/DAPI/p16D3_6_GORASP1_PyProcessed_IJClean_DAPI_PROJ.tif,False,,False,False,99,0.05255403545155818,0.3378649911587812,0.6085824966430664,168.23792675850473,6,10
../data/FOVs/random/DAPI/p14D12_18_RPS6KA3_PyProcessed_IJClean_DAPI_PROJ.tif,False,,False,False,67,0.03515366957196953,0.27046991197477604,0.4444065093994141,261.16852796613915,7,24
../data/FOVs/random/DAPI/p17H12_4_CTRL2_PyProcessed_IJClean_DAPI_PROJ.tif,False,,False,False,53,0.08637476650253054,0.9715648835844852,0.3190526962280273,348.89110048839035,7,10
../data/FOVs/random/DAPI/p02D1_8_HGS_PyProcessed_IJClean_DAPI_PROJ.tif,False,,False,False,65,0.05725298553344476,0.16064207526293675,0.40707969665527344,310.84562084739105,11,17
../data/FOVs/random/DAPI/p17C9_5_MYH10_PyProcessed_IJClean_DAPI_PROJ.tif,False,,False,False,55,0.054732058408875454,1.6668816113386569,0.3454618453979492,411.0960958218893,7,12
../data/FOVs/random/DAPI/p16C6_4_LEMD2_PyProcessed_IJClean_DAPI_PROJ.tif,True,,True,False,42,0.04532482657543381,0.5028132290374828,0.28237342834472656,231.68297304722245,4,25
../data/FOVs/random/DAPI/p8G3_2_MYO1E_PyProcessed_IJClean_DAPI_PROJ.tif,False,,False,False,54,0.13606455961496747,0.4063035700406768,0.3294277191162109,259.0077218926108,5,16
../data/FOVs/random/DAPI/p4C2_3_CERS2_PyProcessed_IJClean_DAPI_PROJ.tif,False,,False,False,48,0.08583613158497905,0.8185245062613623,0.29474449157714844,260.34592372457075,5,11
../data/FOVs/random/DAPI/A4_5_SEM1_PyProcessed_IJClean_DAPI_PROJ.tif,False,,False,False,64,0.08431606580061549,0.10833926644286006,0.4001493453979492,232.7230113246217,8,20
../data/FOVs/random/DAPI/p02H1_8_MAP4_PyProcessed_IJClean_DAPI_PROJ.tif,True,,True,False,58,0.016586092654329827,0.4011055865903935,0.3841152191162109,209.77368757782762,6,35
../data/FOVs/random/DAPI/p1E4_3_RAB11B_PyProcessed_IJClean_DAPI_PROJ.tif,True,,True,False,62,0.04703300856101165,0.2841569411117622,0.43764686584472656,203.66639388961548,9,25
../data/FOVs/random/DAPI/p15A7_6_SLC18B1_PyProcessed_IJClean_DAPI_PROJ.tif,False,,False,False,84,0.06018515086199368,0.2694676200284992,0.5068426132202148,214.14948050368926,2,9
../data/FOVs/random/DAPI/p18C12_1_ZNF444_PyProcessed_IJClean_DAPI_PROJ.tif,False,,False,False,79,0.026923233089645872,0.13918595316157573,0.5184564590454102,158.3824485225557,14,15
../data/FOVs/random/DAPI/p15B10_4_SLC30A9_PyProcessed_IJClean_DAPI_PROJ.tif,False,,True,False,44,0.06991814752629008,0.2071633584638289,0.2851781845092773,279.78027092702587,5,24
../data/FOVs/random/DAPI/p15E11_2_SLC4A2_PyProcessed_IJClean_DAPI_PROJ.tif,False,,False,False,57,0.03931430892887967,0.14035082591026002,0.3677988052368164,307.45568786412133,8,13
../data/FOVs/random/DAPI/p18A7_1_SRP72_PyProcessed_IJClean_DAPI_PROJ.tif,False,,False,False,48,0.11004074645485187,1.871847517412116,0.3138017654418945,436.7665280215506,5,20
../data/FOVs/random/DAPI/p15B11_1_SLC31A1_PyProcessed_IJClean_DAPI_PROJ.tif,True,,True,False,52,0.02915073036258347,0.14211168666526078,0.3423671722412109,181.59570479501983,8,24
../data/FOVs/random/DAPI/p15E8_3_SLC41A3_PyProcessed_IJClean_DAPI_PROJ.tif,False,,False,False,97,0.030655366949217017,0.1854459548429548,0.5772886276245117,156.01602481796542,11,8
../data/FOVs/random/DAPI/p18F7_9_JUN_PyProcessed_IJClean_DAPI_PROJ.tif,False,,False,False,59,0.0316850233723734,0.7353843676717227,0.3877449035644531,345.25932282850823,7,11
../data/FOVs/random/DAPI/p7H11_5_CLTA_PyProcessed_IJClean_DAPI_PROJ.tif,False,,False,False,39,0.05803430161979354,0.4285005833470344,0.2570981979370117,249.83994876720573,6,17
../data/FOVs/random/DAPI/p11A9_4_LGALS1_PyProcessed_IJClean_DAPI_PROJ.tif,True,,True,False,62,0.00986673369333888,0.07955363702863552,0.4272994995117188,148.07092894960846,5,45
../data/FOVs/random/DAPI/p9E8_13_RHOF_PyProcessed_IJClean_DAPI_PROJ.tif,False,,True,False,46,0.055337478365616304,0.8128139422316134,0.3122110366821289,408.3846226292072,7,21
../data/FOVs/random/DAPI/p1E10_3_RAB1B_PyProcessed_IJClean_DAPI_PROJ.tif,True,,True,False,51,0.06979717473320822,0.37004647251786976,0.33366870880126953,251.71610993339303,5,30
../data/FOVs/random/DAPI/p18B2_4_SOX12_PyProcessed_IJClean_DAPI_PROJ.tif,False,,False,False,28,0.0769946004044529,0.5818128159072261,0.1877298355102539,595.6861589797098,5,10
../data/FOVs/random/DAPI/p11B12_3_UAP1_PyProcessed_IJClean_DAPI_PROJ.tif,True,,True,False,28,0.0955502879660718,0.6508085849821479,0.18980026245117188,367.16345134013534,3,20
../data/FOVs/random/DAPI/p02D5_2_SPAST_PyProcessed_IJClean_DAPI_PROJ.tif,True,,True,False,38,0.0920548587926934,0.5988425580946886,0.2542610168457031,362.6044677055152,5,21
../data/FOVs/random/DAPI/p16B4_6_FXR1_PyProcessed_IJClean_DAPI_PROJ.tif,False,,True,False,57,0.054562019679933405,0.4822944865869634,0.37692832946777344,306.41475160311717,6,26
../data/FOVs/random/DAPI/p7C11_5_CCT6A_PyProcessed_IJClean_DAPI_PROJ.tif,True,,True,False,37,0.09321133717308054,0.9697351749878867,0.24001407623291016,291.38462553813645,4,24
../data/FOVs/random/DAPI/p19D5_4_RuvBL1_PyProcessed_IJClean_DAPI_PROJ.tif,True,,True,False,39,0.0720948105723477,1.0679526662080927,0.256622314453125,265.9398428216426,5,21
../data/FOVs/random/DAPI/p10F1_4_POLR3A_PyProcessed_IJClean_DAPI_PROJ.tif,False,,False,False,76,0.014907559832537203,0.7902519628986773,0.4399490356445313,222.0923231451281,8,13
../data/FOVs/random/DAPI/p18H3_1_SMARCC1_PyProcessed_IJClean_DAPI_PROJ.tif,True,,True,False,61,0.07224401251131865,0.18077983860725194,0.40608978271484375,287.78464170278437,7,26
../data/FOVs/random/DAPI/p17B3_6_KIF1C_PyProcessed_IJClean_DAPI_PROJ.tif,False,,False,False,54,0.034560526417733564,0.5867368671452806,0.3472719192504883,317.17660695580935,7,22
